DATAFLOW,FORESTRY_AGR_AGR_001,AREA_AGR_AGR_001,YEAR_AGR_AGR_001,OBS_VALUE,OBS_STATUS
STATSNZ:AGR_AGR_001(1.0),6050,1,2006,332,
STATSNZ:AGR_AGR_001(1.0),6050,1,2016,313,
STATSNZ:AGR_AGR_001(1.0),6050,10,2008,772,
STATSNZ:AGR_AGR_001(1.0),6050,10,2018,5774,
STATSNZ:AGR_AGR_001(1.0),6050,11,2002,861,
STATSNZ:AGR_AGR_001(1.0),6050,13,2011,90,
STATSNZ:AGR_AGR_001(1.0),6050,16,2017,543,
STATSNZ:AGR_AGR_001(1.0),6050,18,2016,,c
STATSNZ:AGR_AGR_001(1.0),6050,2,2007,20,
STATSNZ:AGR_AGR_001(1.0),6050,20,2015,3051,
STATSNZ:AGR_AGR_001(1.0),6050,20,2017,5323,
STATSNZ:AGR_AGR_001(1.0),6050,3,2015,341,
STATSNZ:AGR_AGR_001(1.0),6050,7,2013,,s
STATSNZ:AGR_AGR_001(1.0),6050,8,2010,423,
STATSNZ:AGR_AGR_001(1.0),6050,9,2012,315,
STATSNZ:AGR_AGR_001(1.0),6051,11,2017,1575,
STATSNZ:AGR_AGR_001(1.0),6051,13,2006,914,
STATSNZ:AGR_AGR_001(1.0),6051,13,2016,1730,
STATSNZ:AGR_AGR_001(1.0),6051,14,2014,,c
STATSNZ:AGR_AGR_001(1.0),6051,15,2015,1921,
STATSNZ:AGR_AGR_001(1.0),6051,16,2004,2650,
STATSNZ:AGR_AGR_001(1.0),6051,19,2007,10803,
STATSNZ:AGR_AGR_001(1.0),6051,2,2013,1472,
STATSNZ:AGR_AGR_001(1.0),6051,20,2003,43170,
STATSNZ:AGR_AGR_001(1.0),6051,20,2004,44637,
STATSNZ:AGR_AGR_001(1.0),6051,3,2010,5585,
STATSNZ:AGR_AGR_001(1.0),6051,4,2011,6189,
STATSNZ:AGR_AGR_001(1.0),6051,4,2012,7931,
STATSNZ:AGR_AGR_001(1.0),6051,6,2002,3287,
STATSNZ:AGR_AGR_001(1.0),6051,8,2011,2339,
STATSNZ:AGR_AGR_001(1.0),6052,1,2002,1085467,
STATSNZ:AGR_AGR_001(1.0),6052,13,2014,759145,
STATSNZ:AGR_AGR_001(1.0),6052,14,2013,,c
STATSNZ:AGR_AGR_001(1.0),6052,15,2003,832402,
STATSNZ:AGR_AGR_001(1.0),6052,16,2011,1166781,
STATSNZ:AGR_AGR_001(1.0),6052,19,2015,5786140,
STATSNZ:AGR_AGR_001(1.0),6052,20,2011,24028319,
STATSNZ:AGR_AGR_001(1.0),6052,20,2012,25201223,
STATSNZ:AGR_AGR_001(1.0),6052,3,2008,3627008,
STATSNZ:AGR_AGR_001(1.0),6052,3,2018,3866837,
STATSNZ:AGR_AGR_001(1.0),6052,5,2007,727848,
STATSNZ:AGR_AGR_001(1.0),6052,6,2017,813659,
STATSNZ:AGR_AGR_001(1.0),6052,8,2006,1697761,
STATSNZ:AGR_AGR_001(1.0),6052,8,2016,885083,
STATSNZ:AGR_AGR_001(1.0),6052,9,2014,791602,
STATSNZ:AGR_AGR_001(1.0),6053,1,2017,8562,
STATSNZ:AGR_AGR_001(1.0),6053,10,2007,30199,
STATSNZ:AGR_AGR_001(1.0),6053,11,2011,3008,
STATSNZ:AGR_AGR_001(1.0),6053,13,2009,1010,
STATSNZ:AGR_AGR_001(1.0),6053,15,2008,2194,
STATSNZ:AGR_AGR_001(1.0),6053,15,2018,2712,
STATSNZ:AGR_AGR_001(1.0),6053,17,2007,1306,
STATSNZ:AGR_AGR_001(1.0),6053,17,2009,991,
STATSNZ:AGR_AGR_001(1.0),6053,18,2017,0,
STATSNZ:AGR_AGR_001(1.0),6053,19,2003,12010,
STATSNZ:AGR_AGR_001(1.0),6053,19,2004,12589,
STATSNZ:AGR_AGR_001(1.0),6053,3,2016,7800,
STATSNZ:AGR_AGR_001(1.0),6053,4,2005,8460,
STATSNZ:AGR_AGR_001(1.0),6053,4,2014,10208,
STATSNZ:AGR_AGR_001(1.0),6053,5,2015,3187,
STATSNZ:AGR_AGR_001(1.0),6053,7,2012,370,
STATSNZ:AGR_AGR_001(1.0),6053,8,2014,2362,
STATSNZ:AGR_AGR_001(1.0),6053,9,2002,929,
STATSNZ:AGR_AGR_001(1.0),6050,1,2012,201,
STATSNZ:AGR_AGR_001(1.0),6050,10,2004,9703,
STATSNZ:AGR_AGR_001(1.0),6050,12,2017,,s
STATSNZ:AGR_AGR_001(1.0),6050,13,2018,285,
STATSNZ:AGR_AGR_001(1.0),6050,14,2016,22,
STATSNZ:AGR_AGR_001(1.0),6050,15,2002,3352,
STATSNZ:AGR_AGR_001(1.0),6050,15,2007,297,
STATSNZ:AGR_AGR_001(1.0),6050,16,2015,171,
STATSNZ:AGR_AGR_001(1.0),6050,17,2018,388,
STATSNZ:AGR_AGR_001(1.0),6050,19,2016,1126,
STATSNZ:AGR_AGR_001(1.0),6050,20,2010,2948,
STATSNZ:AGR_AGR_001(1.0),6050,20,2013,9746,
STATSNZ:AGR_AGR_001(1.0),6050,3,2013,894,
STATSNZ:AGR_AGR_001(1.0),6050,5,2012,2990,
STATSNZ:AGR_AGR_001(1.0),6050,8,2004,2599,
STATSNZ:AGR_AGR_001(1.0),6050,8,2017,965,
STATSNZ:AGR_AGR_001(1.0),6050,9,2018,134,
STATSNZ:AGR_AGR_001(1.0),6051,1,2014,7101,
STATSNZ:AGR_AGR_001(1.0),6051,10,2006,25529,
STATSNZ:AGR_AGR_001(1.0),6051,10,2011,24473,
STATSNZ:AGR_AGR_001(1.0),6051,10,2016,29705,
STATSNZ:AGR_AGR_001(1.0),6051,15,2017,1627,
STATSNZ:AGR_AGR_001(1.0),6051,17,2016,1711,
STATSNZ:AGR_AGR_001(1.0),6051,18,2014,0,
STATSNZ:AGR_AGR_001(1.0),6051,19,2005,11927,
STATSNZ:AGR_AGR_001(1.0),6051,2,2015,375,
STATSNZ:AGR_AGR_001(1.0),6051,20,2010,33089,
STATSNZ:AGR_AGR_001(1.0),6051,3,2003,11282,
STATSNZ:AGR_AGR_001(1.0),6051,4,2006,5820,
STATSNZ:AGR_AGR_001(1.0),6051,6,2013,2813,
STATSNZ:AGR_AGR_001(1.0),6051,8,2012,1969,
STATSNZ:AGR_AGR_001(1.0),6052,1,2009,1765925,
STATSNZ:AGR_AGR_001(1.0),6052,12,2012,,c
STATSNZ:AGR_AGR_001(1.0),6052,13,2005,602116,
STATSNZ:AGR_AGR_001(1.0),6052,13,2007,737562,
STATSNZ:AGR_AGR_001(1.0),6052,15,2004,824197,
STATSNZ:AGR_AGR_001(1.0),6052,16,2012,1244927,
STATSNZ:AGR_AGR_001(1.0),6052,17,2005,301358,
STATSNZ:AGR_AGR_001(1.0),6052,18,2013,0,
STATSNZ:AGR_AGR_001(1.0),6052,19,2013,5410951,
STATSNZ:AGR_AGR_001(1.0),6052,2,2017,559103,
STATSNZ:AGR_AGR_001(1.0),6052,20,2018,30225292,
STATSNZ:AGR_AGR_001(1.0),6052,4,2006,3472579,
STATSNZ:AGR_AGR_001(1.0),6052,4,2016,6553745,
STATSNZ:AGR_AGR_001(1.0),6052,5,2009,1088828,
STATSNZ:AGR_AGR_001(1.0),6052,5,2014,2145494,
STATSNZ:AGR_AGR_001(1.0),6052,6,2010,1847147,
STATSNZ:AGR_AGR_001(1.0),6052,6,2015,2195820,
STATSNZ:AGR_AGR_001(1.0),6052,7,2018,160944,
STATSNZ:AGR_AGR_001(1.0),6052,9,2007,535208,
STATSNZ:AGR_AGR_001(1.0),6053,10,2005,28225,
STATSNZ:AGR_AGR_001(1.0),6053,11,2008,3041,
STATSNZ:AGR_AGR_001(1.0),6053,11,2018,2953,
STATSNZ:AGR_AGR_001(1.0),6053,12,2014,,c
STATSNZ:AGR_AGR_001(1.0),6053,13,2002,1043,
STATSNZ:AGR_AGR_001(1.0),6053,13,2007,1460,
STATSNZ:AGR_AGR_001(1.0),6053,15,2011,1651,
STATSNZ:AGR_AGR_001(1.0),6053,17,2002,2402,
STATSNZ:AGR_AGR_001(1.0),6053,19,2010,11606,
STATSNZ:AGR_AGR_001(1.0),6053,2,2004,2555,
STATSNZ:AGR_AGR_001(1.0),6053,5,2017,4162,
STATSNZ:AGR_AGR_001(1.0),6053,9,2009,936,
STATSNZ:AGR_AGR_001(1.0),6050,10,2003,12355,
STATSNZ:AGR_AGR_001(1.0),6050,11,2015,,c
STATSNZ:AGR_AGR_001(1.0),6050,12,2015,2,
STATSNZ:AGR_AGR_001(1.0),6050,15,2013,147,
STATSNZ:AGR_AGR_001(1.0),6050,15,2014,273,
STATSNZ:AGR_AGR_001(1.0),6050,16,2013,1979,
STATSNZ:AGR_AGR_001(1.0),6050,18,2012,,c
STATSNZ:AGR_AGR_001(1.0),6050,19,2014,894,
STATSNZ:AGR_AGR_001(1.0),6050,20,2002,33674,
STATSNZ:AGR_AGR_001(1.0),6050,3,2009,87,
STATSNZ:AGR_AGR_001(1.0),6050,4,2008,103,
STATSNZ:AGR_AGR_001(1.0),6050,6,2007,54,
STATSNZ:AGR_AGR_001(1.0),6050,7,2007,71,
STATSNZ:AGR_AGR_001(1.0),6050,7,2017,65,
STATSNZ:AGR_AGR_001(1.0),6050,9,2016,41,
STATSNZ:AGR_AGR_001(1.0),6051,10,2008,22532,
STATSNZ:AGR_AGR_001(1.0),6051,11,2002,3064,
STATSNZ:AGR_AGR_001(1.0),6051,11,2004,3439,
STATSNZ:AGR_AGR_001(1.0),6051,11,2013,2709,
STATSNZ:AGR_AGR_001(1.0),6051,13,2012,1576,
STATSNZ:AGR_AGR_001(1.0),6051,15,2010,1273,
STATSNZ:AGR_AGR_001(1.0),6051,16,2008,2579,
STATSNZ:AGR_AGR_001(1.0),6051,16,2010,1045,
STATSNZ:AGR_AGR_001(1.0),6051,17,2018,1635,
STATSNZ:AGR_AGR_001(1.0),6051,19,2002,11297,
STATSNZ:AGR_AGR_001(1.0),6051,2,2007,588,
STATSNZ:AGR_AGR_001(1.0),6051,2,2017,1814,
STATSNZ:AGR_AGR_001(1.0),6051,20,2018,42984,
STATSNZ:AGR_AGR_001(1.0),6051,3,2017,4636,
STATSNZ:AGR_AGR_001(1.0),6051,4,2016,10558,
STATSNZ:AGR_AGR_001(1.0),6051,5,2014,2488,
STATSNZ:AGR_AGR_001(1.0),6051,5,2016,2890,
STATSNZ:AGR_AGR_001(1.0),6051,6,2015,3011,
STATSNZ:AGR_AGR_001(1.0),6051,7,2015,259,
STATSNZ:AGR_AGR_001(1.0),6051,8,2006,2172,
STATSNZ:AGR_AGR_001(1.0),6052,1,2007,1451640,
STATSNZ:AGR_AGR_001(1.0),6052,1,2017,4166507,
STATSNZ:AGR_AGR_001(1.0),6052,10,2006,13622723,
STATSNZ:AGR_AGR_001(1.0),6052,11,2008,1295583,
STATSNZ:AGR_AGR_001(1.0),6052,12,2011,136925,
STATSNZ:AGR_AGR_001(1.0),6052,15,2017,1278090,
STATSNZ:AGR_AGR_001(1.0),6052,16,2016,1108437,
STATSNZ:AGR_AGR_001(1.0),6052,17,2016,730832,
STATSNZ:AGR_AGR_001(1.0),6052,18,2014,0,
STATSNZ:AGR_AGR_001(1.0),6052,18,2015,0,
STATSNZ:AGR_AGR_001(1.0),6052,19,2010,4731053,
STATSNZ:AGR_AGR_001(1.0),6052,20,2008,19204115,
STATSNZ:AGR_AGR_001(1.0),6052,3,2003,6411553,
STATSNZ:AGR_AGR_001(1.0),6052,3,2012,3260413,
STATSNZ:AGR_AGR_001(1.0),6052,4,2005,4103699,
STATSNZ:AGR_AGR_001(1.0),6052,4,2014,5847494,
STATSNZ:AGR_AGR_001(1.0),6052,6,2002,1687895,
STATSNZ:AGR_AGR_001(1.0),6052,9,2009,489426,
STATSNZ:AGR_AGR_001(1.0),6053,10,2013,38912,
STATSNZ:AGR_AGR_001(1.0),6053,12,2016,176,
STATSNZ:AGR_AGR_001(1.0),6053,13,2014,1464,
STATSNZ:AGR_AGR_001(1.0),6053,14,2015,,c
STATSNZ:AGR_AGR_001(1.0),6053,16,2005,3109,
STATSNZ:AGR_AGR_001(1.0),6053,16,2006,3536,
STATSNZ:AGR_AGR_001(1.0),6053,18,2013,0,
STATSNZ:AGR_AGR_001(1.0),6053,19,2008,11911,
STATSNZ:AGR_AGR_001(1.0),6053,19,2017,11698,
STATSNZ:AGR_AGR_001(1.0),6053,2,2011,1470,
STATSNZ:AGR_AGR_001(1.0),6053,2,2012,1713,
STATSNZ:AGR_AGR_001(1.0),6053,20,2014,50219,
STATSNZ:AGR_AGR_001(1.0),6053,3,2011,7171,
STATSNZ:AGR_AGR_001(1.0),6053,6,2018,3015,
STATSNZ:AGR_AGR_001(1.0),6053,7,2016,386,
STATSNZ:AGR_AGR_001(1.0),6053,7,2018,388,
STATSNZ:AGR_AGR_001(1.0),6053,8,2009,2475,
STATSNZ:AGR_AGR_001(1.0),6050,1,2018,852,
STATSNZ:AGR_AGR_001(1.0),6050,16,2009,211,
STATSNZ:AGR_AGR_001(1.0),6050,17,2012,450,
STATSNZ:AGR_AGR_001(1.0),6050,19,2012,3088,
STATSNZ:AGR_AGR_001(1.0),6050,2,2014,4,
STATSNZ:AGR_AGR_001(1.0),6050,20,2004,15920,
STATSNZ:AGR_AGR_001(1.0),6050,4,2015,54,
STATSNZ:AGR_AGR_001(1.0),6050,5,2006,272,
STATSNZ:AGR_AGR_001(1.0),6050,7,2002,1275,
STATSNZ:AGR_AGR_001(1.0),6050,8,2013,1560,
STATSNZ:AGR_AGR_001(1.0),6050,8,2018,1109,
STATSNZ:AGR_AGR_001(1.0),6051,1,2005,2536,
STATSNZ:AGR_AGR_001(1.0),6051,10,2012,28863,
STATSNZ:AGR_AGR_001(1.0),6051,12,2018,101,
STATSNZ:AGR_AGR_001(1.0),6051,13,2014,1380,
STATSNZ:AGR_AGR_001(1.0),6051,16,2011,2654,
STATSNZ:AGR_AGR_001(1.0),6051,3,2004,9908,
STATSNZ:AGR_AGR_001(1.0),6051,4,2018,8822,
STATSNZ:AGR_AGR_001(1.0),6051,6,2009,2693,
STATSNZ:AGR_AGR_001(1.0),6051,6,2014,3027,
STATSNZ:AGR_AGR_001(1.0),6051,8,2008,2721,
STATSNZ:AGR_AGR_001(1.0),6051,9,2011,831,
STATSNZ:AGR_AGR_001(1.0),6052,1,2013,3237088,
STATSNZ:AGR_AGR_001(1.0),6052,10,2007,14147792,
STATSNZ:AGR_AGR_001(1.0),6052,11,2012,,c
STATSNZ:AGR_AGR_001(1.0),6052,11,2015,1007223,
STATSNZ:AGR_AGR_001(1.0),6052,13,2006,805567,
STATSNZ:AGR_AGR_001(1.0),6052,14,2017,5971,
STATSNZ:AGR_AGR_001(1.0),6052,15,2018,1275332,
STATSNZ:AGR_AGR_001(1.0),6052,16,2003,916378,
STATSNZ:AGR_AGR_001(1.0),6052,16,2018,1547489,
STATSNZ:AGR_AGR_001(1.0),6052,17,2009,388580,
STATSNZ:AGR_AGR_001(1.0),6052,17,2014,714616,
STATSNZ:AGR_AGR_001(1.0),6052,19,2009,4049626,
STATSNZ:AGR_AGR_001(1.0),6052,2,2003,1315053,
STATSNZ:AGR_AGR_001(1.0),6052,2,2013,585904,
STATSNZ:AGR_AGR_001(1.0),6052,20,2004,21555385,
STATSNZ:AGR_AGR_001(1.0),6052,20,2006,18376858,
STATSNZ:AGR_AGR_001(1.0),6052,3,2016,4411467,
STATSNZ:AGR_AGR_001(1.0),6052,4,2012,6388633,
STATSNZ:AGR_AGR_001(1.0),6052,5,2005,655080,
STATSNZ:AGR_AGR_001(1.0),6052,5,2015,1894070,
STATSNZ:AGR_AGR_001(1.0),6052,7,2017,175953,
STATSNZ:AGR_AGR_001(1.0),6052,8,2018,2885076,
STATSNZ:AGR_AGR_001(1.0),6052,9,2013,715264,
STATSNZ:AGR_AGR_001(1.0),6052,9,2016,607345,
STATSNZ:AGR_AGR_001(1.0),6053,1,2010,4802,
STATSNZ:AGR_AGR_001(1.0),6053,1,2015,6978,
STATSNZ:AGR_AGR_001(1.0),6053,10,2009,29552,
STATSNZ:AGR_AGR_001(1.0),6053,10,2014,38718,
STATSNZ:AGR_AGR_001(1.0),6053,13,2013,1761,
STATSNZ:AGR_AGR_001(1.0),6053,15,2012,1646,
STATSNZ:AGR_AGR_001(1.0),6053,16,2011,2964,
STATSNZ:AGR_AGR_001(1.0),6053,19,2011,12161,
STATSNZ:AGR_AGR_001(1.0),6053,2,2008,1021,
STATSNZ:AGR_AGR_001(1.0),6053,20,2016,47492,
STATSNZ:AGR_AGR_001(1.0),6053,3,2006,9030,
STATSNZ:AGR_AGR_001(1.0),6053,4,2007,10674,
STATSNZ:AGR_AGR_001(1.0),6053,5,2013,3030,
STATSNZ:AGR_AGR_001(1.0),6053,6,2003,4151,
STATSNZ:AGR_AGR_001(1.0),6053,8,2005,2889,
STATSNZ:AGR_AGR_001(1.0),6053,9,2010,913,
STATSNZ:AGR_AGR_001(1.0),6053,9,2015,937,
STATSNZ:AGR_AGR_001(1.0),6050,1,2007,138,
STATSNZ:AGR_AGR_001(1.0),6050,10,2016,2549,
STATSNZ:AGR_AGR_001(1.0),6050,16,2007,92,
STATSNZ:AGR_AGR_001(1.0),6050,16,2008,297,
STATSNZ:AGR_AGR_001(1.0),6050,17,2015,37,
STATSNZ:AGR_AGR_001(1.0),6050,19,2009,1076,
STATSNZ:AGR_AGR_001(1.0),6050,2,2015,,c
STATSNZ:AGR_AGR_001(1.0),6050,3,2014,860,
STATSNZ:AGR_AGR_001(1.0),6050,4,2012,340,
STATSNZ:AGR_AGR_001(1.0),6050,4,2013,520,
STATSNZ:AGR_AGR_001(1.0),6050,5,2003,3047,
STATSNZ:AGR_AGR_001(1.0),6050,5,2014,735,
STATSNZ:AGR_AGR_001(1.0),6050,6,2012,861,
STATSNZ:AGR_AGR_001(1.0),6050,7,2004,490,
STATSNZ:AGR_AGR_001(1.0),6050,8,2002,2969,
STATSNZ:AGR_AGR_001(1.0),6050,8,2012,1984,
STATSNZ:AGR_AGR_001(1.0),6051,1,2011,3177,
STATSNZ:AGR_AGR_001(1.0),6051,1,2012,5581,
STATSNZ:AGR_AGR_001(1.0),6051,1,2013,5713,
STATSNZ:AGR_AGR_001(1.0),6051,10,2014,30639,
STATSNZ:AGR_AGR_001(1.0),6051,12,2015,,c
STATSNZ:AGR_AGR_001(1.0),6051,12,2016,63,
STATSNZ:AGR_AGR_001(1.0),6051,13,2007,1251,
STATSNZ:AGR_AGR_001(1.0),6051,14,2015,0,
STATSNZ:AGR_AGR_001(1.0),6051,15,2005,1981,
STATSNZ:AGR_AGR_001(1.0),6051,16,2013,3376,
STATSNZ:AGR_AGR_001(1.0),6051,17,2004,1813,
STATSNZ:AGR_AGR_001(1.0),6051,17,2014,1693,
STATSNZ:AGR_AGR_001(1.0),6051,18,2012,0,
STATSNZ:AGR_AGR_001(1.0),6051,18,2013,0,
STATSNZ:AGR_AGR_001(1.0),6051,19,2016,8120,
STATSNZ:AGR_AGR_001(1.0),6051,19,2017,10764,
STATSNZ:AGR_AGR_001(1.0),6051,20,2013,42888,
STATSNZ:AGR_AGR_001(1.0),6051,3,2012,5181,
STATSNZ:AGR_AGR_001(1.0),6051,6,2010,2790,
STATSNZ:AGR_AGR_001(1.0),6051,9,2008,607,
STATSNZ:AGR_AGR_001(1.0),6052,1,2003,1465565,
STATSNZ:AGR_AGR_001(1.0),6052,11,2013,1119685,
STATSNZ:AGR_AGR_001(1.0),6052,12,2014,,c
STATSNZ:AGR_AGR_001(1.0),6052,13,2012,891459,
STATSNZ:AGR_AGR_001(1.0),6052,13,2013,901777,
STATSNZ:AGR_AGR_001(1.0),6052,14,2014,,c
STATSNZ:AGR_AGR_001(1.0),6052,15,2012,761007,
STATSNZ:AGR_AGR_001(1.0),6052,15,2013,963498,
STATSNZ:AGR_AGR_001(1.0),6052,16,2010,959972,
STATSNZ:AGR_AGR_001(1.0),6052,17,2002,551766,
STATSNZ:AGR_AGR_001(1.0),6052,17,2012,789411,
STATSNZ:AGR_AGR_001(1.0),6052,19,2007,4959625,
STATSNZ:AGR_AGR_001(1.0),6052,20,2003,22812498,
STATSNZ:AGR_AGR_001(1.0),6052,3,2017,4553695,
STATSNZ:AGR_AGR_001(1.0),6052,4,2009,4742107,
STATSNZ:AGR_AGR_001(1.0),6052,5,2006,743117,
STATSNZ:AGR_AGR_001(1.0),6052,5,2016,2140922,
STATSNZ:AGR_AGR_001(1.0),6052,5,2017,2082972,
STATSNZ:AGR_AGR_001(1.0),6052,6,2009,1767643,
STATSNZ:AGR_AGR_001(1.0),6052,7,2015,167683,
STATSNZ:AGR_AGR_001(1.0),6052,7,2016,143923,
STATSNZ:AGR_AGR_001(1.0),6052,8,2007,1287548,
STATSNZ:AGR_AGR_001(1.0),6052,8,2008,1268303,
STATSNZ:AGR_AGR_001(1.0),6052,9,2015,559787,
STATSNZ:AGR_AGR_001(1.0),6053,1,2009,4130,
STATSNZ:AGR_AGR_001(1.0),6053,10,2016,37694,
STATSNZ:AGR_AGR_001(1.0),6053,10,2017,40559,
STATSNZ:AGR_AGR_001(1.0),6053,12,2012,,c
STATSNZ:AGR_AGR_001(1.0),6053,13,2010,1419,
STATSNZ:AGR_AGR_001(1.0),6053,15,2010,2269,
STATSNZ:AGR_AGR_001(1.0),6053,16,2009,2186,
STATSNZ:AGR_AGR_001(1.0),6053,17,2017,1793,
STATSNZ:AGR_AGR_001(1.0),6053,19,2012,11622,
STATSNZ:AGR_AGR_001(1.0),6053,19,2013,11555,
STATSNZ:AGR_AGR_001(1.0),6053,2,2006,1499,
STATSNZ:AGR_AGR_001(1.0),6053,2,2015,1216,
STATSNZ:AGR_AGR_001(1.0),6053,2,2016,1162,
STATSNZ:AGR_AGR_001(1.0),6053,3,2008,8300,
STATSNZ:AGR_AGR_001(1.0),6053,4,2015,9315,
STATSNZ:AGR_AGR_001(1.0),6053,4,2016,11269,
STATSNZ:AGR_AGR_001(1.0),6053,5,2007,1551,
STATSNZ:AGR_AGR_001(1.0),6053,6,2013,4270,
STATSNZ:AGR_AGR_001(1.0),6053,6,2015,3951,
STATSNZ:AGR_AGR_001(1.0),6053,8,2012,2440,
STATSNZ:AGR_AGR_001(1.0),6053,8,2013,2484,
STATSNZ:AGR_AGR_001(1.0),6050,11,2017,250,
STATSNZ:AGR_AGR_001(1.0),6050,13,2016,,c
STATSNZ:AGR_AGR_001(1.0),6050,15,2015,216,
STATSNZ:AGR_AGR_001(1.0),6050,16,2018,1068,
STATSNZ:AGR_AGR_001(1.0),6050,17,2013,527,
STATSNZ:AGR_AGR_001(1.0),6050,18,2014,0,
STATSNZ:AGR_AGR_001(1.0),6050,2,2013,60,
STATSNZ:AGR_AGR_001(1.0),6050,20,2008,2658,
STATSNZ:AGR_AGR_001(1.0),6050,3,2003,2046,
STATSNZ:AGR_AGR_001(1.0),6050,4,2011,137,
STATSNZ:AGR_AGR_001(1.0),6050,5,2010,194,
STATSNZ:AGR_AGR_001(1.0),6050,6,2013,198,
STATSNZ:AGR_AGR_001(1.0),6050,6,2018,901,
STATSNZ:AGR_AGR_001(1.0),6050,7,2014,,c
STATSNZ:AGR_AGR_001(1.0),6050,9,2010,98,
STATSNZ:AGR_AGR_001(1.0),6051,10,2003,32279,
STATSNZ:AGR_AGR_001(1.0),6051,13,2008,1737,
STATSNZ:AGR_AGR_001(1.0),6051,13,2018,2407,
STATSNZ:AGR_AGR_001(1.0),6051,14,2013,,c
STATSNZ:AGR_AGR_001(1.0),6051,15,2007,1033,
STATSNZ:AGR_AGR_001(1.0),6051,15,2014,1418,
STATSNZ:AGR_AGR_001(1.0),6051,16,2012,3295,
STATSNZ:AGR_AGR_001(1.0),6051,19,2015,10902,
STATSNZ:AGR_AGR_001(1.0),6051,20,2015,40015,
STATSNZ:AGR_AGR_001(1.0),6051,3,2013,6142,
STATSNZ:AGR_AGR_001(1.0),6051,3,2018,4287,
STATSNZ:AGR_AGR_001(1.0),6051,4,2014,7861,
STATSNZ:AGR_AGR_001(1.0),6051,5,2012,3225,
STATSNZ:AGR_AGR_001(1.0),6051,6,2005,4022,
STATSNZ:AGR_AGR_001(1.0),6051,8,2004,1890,
STATSNZ:AGR_AGR_001(1.0),6051,8,2017,2568,
STATSNZ:AGR_AGR_001(1.0),6051,9,2002,950,
STATSNZ:AGR_AGR_001(1.0),6052,1,2004,1446965,
STATSNZ:AGR_AGR_001(1.0),6052,1,2014,3153134,
STATSNZ:AGR_AGR_001(1.0),6052,10,2013,21333102,
STATSNZ:AGR_AGR_001(1.0),6052,10,2018,23703251,
STATSNZ:AGR_AGR_001(1.0),6052,11,2011,1359873,
STATSNZ:AGR_AGR_001(1.0),6052,15,2006,781788,
STATSNZ:AGR_AGR_001(1.0),6052,16,2004,993947,
STATSNZ:AGR_AGR_001(1.0),6052,16,2017,1147761,
STATSNZ:AGR_AGR_001(1.0),6052,18,2016,0,
STATSNZ:AGR_AGR_001(1.0),6052,19,2003,4708404,
STATSNZ:AGR_AGR_001(1.0),6052,19,2008,4621171,
STATSNZ:AGR_AGR_001(1.0),6052,19,2018,6522041,
STATSNZ:AGR_AGR_001(1.0),6052,2,2012,858056,
STATSNZ:AGR_AGR_001(1.0),6052,20,2005,18362059,
STATSNZ:AGR_AGR_001(1.0),6052,20,2010,21153570,
STATSNZ:AGR_AGR_001(1.0),6052,3,2010,3168875,
STATSNZ:AGR_AGR_001(1.0),6052,8,2009,1194445,
STATSNZ:AGR_AGR_001(1.0),6053,10,2010,32154,
STATSNZ:AGR_AGR_001(1.0),6053,13,2017,2372,
STATSNZ:AGR_AGR_001(1.0),6053,15,2006,2109,
STATSNZ:AGR_AGR_001(1.0),6053,15,2016,1751,
STATSNZ:AGR_AGR_001(1.0),6053,16,2002,2471,
STATSNZ:AGR_AGR_001(1.0),6053,17,2015,1845,
STATSNZ:AGR_AGR_001(1.0),6053,2,2017,1620,
STATSNZ:AGR_AGR_001(1.0),6053,20,2002,46658,
STATSNZ:AGR_AGR_001(1.0),6053,20,2012,48222,
STATSNZ:AGR_AGR_001(1.0),6053,5,2009,2166,
STATSNZ:AGR_AGR_001(1.0),6053,8,2011,2802,
STATSNZ:AGR_AGR_001(1.0),6053,9,2014,1355,
STATSNZ:AGR_AGR_001(1.0),6050,10,2011,5523,
STATSNZ:AGR_AGR_001(1.0),6050,11,2016,5,
STATSNZ:AGR_AGR_001(1.0),6050,13,2015,,c
STATSNZ:AGR_AGR_001(1.0),6050,16,2011,588,
STATSNZ:AGR_AGR_001(1.0),6050,17,2011,135,
STATSNZ:AGR_AGR_001(1.0),6050,3,2018,,s
STATSNZ:AGR_AGR_001(1.0),6050,4,2018,27,
STATSNZ:AGR_AGR_001(1.0),6050,5,2018,300,
STATSNZ:AGR_AGR_001(1.0),6050,9,2017,104,
STATSNZ:AGR_AGR_001(1.0),6051,1,2007,2077,
STATSNZ:AGR_AGR_001(1.0),6051,10,2018,30650,
STATSNZ:AGR_AGR_001(1.0),6051,12,2011,560,
STATSNZ:AGR_AGR_001(1.0),6051,13,2011,1113,
STATSNZ:AGR_AGR_001(1.0),6051,14,2018,1228,
STATSNZ:AGR_AGR_001(1.0),6051,16,2018,2853,
STATSNZ:AGR_AGR_001(1.0),6051,2,2018,,s
STATSNZ:AGR_AGR_001(1.0),6051,20,2008,33130,
STATSNZ:AGR_AGR_001(1.0),6051,5,2006,1424,
STATSNZ:AGR_AGR_001(1.0),6051,6,2006,3016,
STATSNZ:AGR_AGR_001(1.0),6052,1,2006,1303078,
STATSNZ:AGR_AGR_001(1.0),6052,10,2005,13625094,
STATSNZ:AGR_AGR_001(1.0),6052,11,2018,1068669,
STATSNZ:AGR_AGR_001(1.0),6052,13,2018,786574,
STATSNZ:AGR_AGR_001(1.0),6052,16,2005,1090678,
STATSNZ:AGR_AGR_001(1.0),6052,16,2006,1177237,
STATSNZ:AGR_AGR_001(1.0),6052,17,2006,325803,
STATSNZ:AGR_AGR_001(1.0),6052,19,2011,5382735,
STATSNZ:AGR_AGR_001(1.0),6052,2,2004,1293913,
STATSNZ:AGR_AGR_001(1.0),6052,2,2005,515271,
STATSNZ:AGR_AGR_001(1.0),6052,2,2006,570548,
STATSNZ:AGR_AGR_001(1.0),6052,3,2004,5472867,
STATSNZ:AGR_AGR_001(1.0),6052,8,2011,1437427,
STATSNZ:AGR_AGR_001(1.0),6052,9,2011,804772,
STATSNZ:AGR_AGR_001(1.0),6053,1,2004,3679,
STATSNZ:AGR_AGR_001(1.0),6053,10,2002,34162,
STATSNZ:AGR_AGR_001(1.0),6053,13,2004,1094,
STATSNZ:AGR_AGR_001(1.0),6053,13,2005,1351,
STATSNZ:AGR_AGR_001(1.0),6053,13,2006,1667,
STATSNZ:AGR_AGR_001(1.0),6053,15,2004,2365,
STATSNZ:AGR_AGR_001(1.0),6053,19,2018,15418,
STATSNZ:AGR_AGR_001(1.0),6053,2,2002,2023,
STATSNZ:AGR_AGR_001(1.0),6053,20,2004,49247,
STATSNZ:AGR_AGR_001(1.0),6053,20,2005,40937,
STATSNZ:AGR_AGR_001(1.0),6053,5,2011,2545,
STATSNZ:AGR_AGR_001(1.0),6053,7,2007,131,
STATSNZ:AGR_AGR_001(1.0),6053,8,2018,5317,
STATSNZ:AGR_AGR_001(1.0),6053,9,2007,1098,
STATSNZ:AGR_AGR_001(1.0),6050,10,2015,1727,
STATSNZ:AGR_AGR_001(1.0),6050,12,2016,0,
STATSNZ:AGR_AGR_001(1.0),6050,14,2015,,s
STATSNZ:AGR_AGR_001(1.0),6050,15,2011,734,
STATSNZ:AGR_AGR_001(1.0),6050,17,2007,207,
STATSNZ:AGR_AGR_001(1.0),6050,18,2013,0,
STATSNZ:AGR_AGR_001(1.0),6050,18,2018,0,
STATSNZ:AGR_AGR_001(1.0),6050,19,2002,13054,
STATSNZ:AGR_AGR_001(1.0),6050,19,2004,6217,
STATSNZ:AGR_AGR_001(1.0),6050,19,2017,2426,
STATSNZ:AGR_AGR_001(1.0),6050,20,2009,2356,
STATSNZ:AGR_AGR_001(1.0),6050,3,2007,198,
STATSNZ:AGR_AGR_001(1.0),6050,6,2014,247,
STATSNZ:AGR_AGR_001(1.0),6051,1,2018,5560,
STATSNZ:AGR_AGR_001(1.0),6051,10,2007,22185,
STATSNZ:AGR_AGR_001(1.0),6051,11,2015,,c
STATSNZ:AGR_AGR_001(1.0),6051,15,2003,2011,
STATSNZ:AGR_AGR_001(1.0),6051,15,2013,1489,
STATSNZ:AGR_AGR_001(1.0),6051,15,2018,2242,
STATSNZ:AGR_AGR_001(1.0),6051,16,2003,2312,
STATSNZ:AGR_AGR_001(1.0),6051,17,2012,1033,
STATSNZ:AGR_AGR_001(1.0),6051,19,2009,9141,
STATSNZ:AGR_AGR_001(1.0),6051,2,2014,,c
STATSNZ:AGR_AGR_001(1.0),6051,20,2011,35102,
STATSNZ:AGR_AGR_001(1.0),6051,3,2014,6289,
STATSNZ:AGR_AGR_001(1.0),6051,4,2010,6431,
STATSNZ:AGR_AGR_001(1.0),6051,6,2017,1028,
STATSNZ:AGR_AGR_001(1.0),6051,7,2002,256,
STATSNZ:AGR_AGR_001(1.0),6051,7,2017,144,
STATSNZ:AGR_AGR_001(1.0),6051,8,2016,1778,
STATSNZ:AGR_AGR_001(1.0),6051,9,2016,799,
STATSNZ:AGR_AGR_001(1.0),6052,1,2005,1139546,
STATSNZ:AGR_AGR_001(1.0),6052,1,2010,2110895,
STATSNZ:AGR_AGR_001(1.0),6052,10,2012,19878197,
STATSNZ:AGR_AGR_001(1.0),6052,10,2014,21404307,
STATSNZ:AGR_AGR_001(1.0),6052,12,2013,,c
STATSNZ:AGR_AGR_001(1.0),6052,12,2018,,s
STATSNZ:AGR_AGR_001(1.0),6052,14,2012,290051,
STATSNZ:AGR_AGR_001(1.0),6052,15,2005,782402,
STATSNZ:AGR_AGR_001(1.0),6052,15,2010,924057,
STATSNZ:AGR_AGR_001(1.0),6052,17,2017,866419,
STATSNZ:AGR_AGR_001(1.0),6052,18,2017,0,
STATSNZ:AGR_AGR_001(1.0),6052,20,2014,26400610,
STATSNZ:AGR_AGR_001(1.0),6052,3,2006,4137113,
STATSNZ:AGR_AGR_001(1.0),6052,6,2016,585199,
STATSNZ:AGR_AGR_001(1.0),6052,8,2015,834313,
STATSNZ:AGR_AGR_001(1.0),6052,9,2008,404821,
STATSNZ:AGR_AGR_001(1.0),6053,1,2002,2770,
STATSNZ:AGR_AGR_001(1.0),6053,10,2004,36659,
STATSNZ:AGR_AGR_001(1.0),6053,10,2006,30842,
STATSNZ:AGR_AGR_001(1.0),6053,11,2012,,c
STATSNZ:AGR_AGR_001(1.0),6053,11,2014,2116,
STATSNZ:AGR_AGR_001(1.0),6053,12,2010,342,
STATSNZ:AGR_AGR_001(1.0),6053,14,2017,87,
STATSNZ:AGR_AGR_001(1.0),6053,15,2017,3063,
STATSNZ:AGR_AGR_001(1.0),6053,16,2016,2275,
STATSNZ:AGR_AGR_001(1.0),6053,17,2016,1559,
STATSNZ:AGR_AGR_001(1.0),6053,18,2015,0,
STATSNZ:AGR_AGR_001(1.0),6053,19,2014,11501,
STATSNZ:AGR_AGR_001(1.0),6053,20,2006,42835,
STATSNZ:AGR_AGR_001(1.0),6053,3,2009,6001,
STATSNZ:AGR_AGR_001(1.0),6053,4,2009,9362,
STATSNZ:AGR_AGR_001(1.0),6053,5,2008,1894,
STATSNZ:AGR_AGR_001(1.0),6053,6,2011,3351,
STATSNZ:AGR_AGR_001(1.0),6053,8,2007,2610,
STATSNZ:AGR_AGR_001(1.0),6053,9,2013,1218,
STATSNZ:AGR_AGR_001(1.0),6053,9,2018,1891,
STATSNZ:AGR_AGR_001(1.0),6050,1,2015,94,
STATSNZ:AGR_AGR_001(1.0),6050,10,2007,1280,
STATSNZ:AGR_AGR_001(1.0),6050,14,2017,,s
STATSNZ:AGR_AGR_001(1.0),6050,15,2008,530,
STATSNZ:AGR_AGR_001(1.0),6050,15,2018,,s
STATSNZ:AGR_AGR_001(1.0),6050,16,2016,722,
STATSNZ:AGR_AGR_001(1.0),6050,17,2014,116,
STATSNZ:AGR_AGR_001(1.0),6050,18,2015,0,
STATSNZ:AGR_AGR_001(1.0),6050,18,2017,0,
STATSNZ:AGR_AGR_001(1.0),6050,19,2010,1068,
STATSNZ:AGR_AGR_001(1.0),6050,20,2006,4223,
STATSNZ:AGR_AGR_001(1.0),6050,20,2016,3675,
STATSNZ:AGR_AGR_001(1.0),6050,3,2006,374,
STATSNZ:AGR_AGR_001(1.0),6050,5,2013,1808,
STATSNZ:AGR_AGR_001(1.0),6050,7,2012,236,
STATSNZ:AGR_AGR_001(1.0),6050,9,2002,1723,
STATSNZ:AGR_AGR_001(1.0),6051,1,2003,2806,
STATSNZ:AGR_AGR_001(1.0),6051,10,2013,30946,
STATSNZ:AGR_AGR_001(1.0),6051,11,2016,,c
STATSNZ:AGR_AGR_001(1.0),6051,13,2015,1440,
STATSNZ:AGR_AGR_001(1.0),6051,13,2017,2569,
STATSNZ:AGR_AGR_001(1.0),6051,15,2006,1319,
STATSNZ:AGR_AGR_001(1.0),6051,15,2016,851,
STATSNZ:AGR_AGR_001(1.0),6051,16,2005,2895,
STATSNZ:AGR_AGR_001(1.0),6051,16,2014,2716,
STATSNZ:AGR_AGR_001(1.0),6051,17,2015,2245,
STATSNZ:AGR_AGR_001(1.0),6051,19,2008,10598,
STATSNZ:AGR_AGR_001(1.0),6051,2,2012,1219,
STATSNZ:AGR_AGR_001(1.0),6051,20,2014,40964,
STATSNZ:AGR_AGR_001(1.0),6051,4,2013,8139,
STATSNZ:AGR_AGR_001(1.0),6051,5,2010,1752,
STATSNZ:AGR_AGR_001(1.0),6051,6,2011,2772,
STATSNZ:AGR_AGR_001(1.0),6051,6,2012,2738,
STATSNZ:AGR_AGR_001(1.0),6051,9,2017,1445,
STATSNZ:AGR_AGR_001(1.0),6052,1,2011,2587530,
STATSNZ:AGR_AGR_001(1.0),6052,1,2012,3124791,
STATSNZ:AGR_AGR_001(1.0),6052,10,2010,16422517,
STATSNZ:AGR_AGR_001(1.0),6052,11,2014,1066892,
STATSNZ:AGR_AGR_001(1.0),6052,12,2015,,c
STATSNZ:AGR_AGR_001(1.0),6052,13,2003,515656,
STATSNZ:AGR_AGR_001(1.0),6052,13,2004,526554,
STATSNZ:AGR_AGR_001(1.0),6052,16,2002,1013566,
STATSNZ:AGR_AGR_001(1.0),6052,17,2010,456785,
STATSNZ:AGR_AGR_001(1.0),6052,18,2018,0,
STATSNZ:AGR_AGR_001(1.0),6052,19,2006,4754135,
STATSNZ:AGR_AGR_001(1.0),6052,19,2016,4585887,
STATSNZ:AGR_AGR_001(1.0),6052,20,2002,20420136,
STATSNZ:AGR_AGR_001(1.0),6052,20,2013,26744054,
STATSNZ:AGR_AGR_001(1.0),6052,3,2007,3594545,
STATSNZ:AGR_AGR_001(1.0),6052,3,2009,3129045,
STATSNZ:AGR_AGR_001(1.0),6052,4,2017,6497816,
STATSNZ:AGR_AGR_001(1.0),6052,5,2008,960801,
STATSNZ:AGR_AGR_001(1.0),6052,7,2007,63939,
STATSNZ:AGR_AGR_001(1.0),6052,8,2017,1080832,
STATSNZ:AGR_AGR_001(1.0),6053,10,2008,30769,
STATSNZ:AGR_AGR_001(1.0),6053,13,2018,2583,
STATSNZ:AGR_AGR_001(1.0),6053,15,2009,1729,
STATSNZ:AGR_AGR_001(1.0),6053,16,2010,2525,
STATSNZ:AGR_AGR_001(1.0),6053,17,2008,1189,
STATSNZ:AGR_AGR_001(1.0),6053,17,2018,,s
STATSNZ:AGR_AGR_001(1.0),6053,2,2007,900,
STATSNZ:AGR_AGR_001(1.0),6053,20,2010,43760,
STATSNZ:AGR_AGR_001(1.0),6053,3,2017,8281,
STATSNZ:AGR_AGR_001(1.0),6053,5,2006,1447,
STATSNZ:AGR_AGR_001(1.0),6053,5,2016,3724,
STATSNZ:AGR_AGR_001(1.0),6053,6,2005,3603,
STATSNZ:AGR_AGR_001(1.0),6053,6,2014,4744,
STATSNZ:AGR_AGR_001(1.0),6053,7,2002,182,
STATSNZ:AGR_AGR_001(1.0),6053,7,2013,,s
STATSNZ:AGR_AGR_001(1.0),6053,8,2003,2923,
STATSNZ:AGR_AGR_001(1.0),6053,8,2004,2901,
STATSNZ:AGR_AGR_001(1.0),6053,9,2011,1557,
STATSNZ:AGR_AGR_001(1.0),6053,9,2012,921,
STATSNZ:AGR_AGR_001(1.0),6050,1,2017,148,
STATSNZ:AGR_AGR_001(1.0),6050,10,2009,1280,
STATSNZ:AGR_AGR_001(1.0),6050,10,2014,3047,
STATSNZ:AGR_AGR_001(1.0),6050,11,2012,204,
STATSNZ:AGR_AGR_001(1.0),6050,13,2013,,c
STATSNZ:AGR_AGR_001(1.0),6050,15,2012,706,
STATSNZ:AGR_AGR_001(1.0),6050,2,2008,43,
STATSNZ:AGR_AGR_001(1.0),6050,2,2018,48,
STATSNZ:AGR_AGR_001(1.0),6050,3,2011,1508,
STATSNZ:AGR_AGR_001(1.0),6050,3,2016,659,
STATSNZ:AGR_AGR_001(1.0),6050,4,2014,78,
STATSNZ:AGR_AGR_001(1.0),6050,5,2002,6008,
STATSNZ:AGR_AGR_001(1.0),6050,5,2015,393,
STATSNZ:AGR_AGR_001(1.0),6050,7,2016,566,
STATSNZ:AGR_AGR_001(1.0),6050,8,2014,,s
STATSNZ:AGR_AGR_001(1.0),6050,9,2013,,c
STATSNZ:AGR_AGR_001(1.0),6050,9,2015,26,
STATSNZ:AGR_AGR_001(1.0),6051,1,2004,4127,
STATSNZ:AGR_AGR_001(1.0),6051,12,2014,,c
STATSNZ:AGR_AGR_001(1.0),6051,13,2010,1528,
STATSNZ:AGR_AGR_001(1.0),6051,13,2013,1923,
STATSNZ:AGR_AGR_001(1.0),6051,15,2012,1742,
STATSNZ:AGR_AGR_001(1.0),6051,16,2007,2490,
STATSNZ:AGR_AGR_001(1.0),6051,17,2013,1578,
STATSNZ:AGR_AGR_001(1.0),6051,19,2018,12334,
STATSNZ:AGR_AGR_001(1.0),6051,20,2005,41333,
STATSNZ:AGR_AGR_001(1.0),6051,20,2007,32988,
STATSNZ:AGR_AGR_001(1.0),6051,3,2005,9653,
STATSNZ:AGR_AGR_001(1.0),6051,4,2009,5951,
STATSNZ:AGR_AGR_001(1.0),6051,5,2017,2363,
STATSNZ:AGR_AGR_001(1.0),6051,6,2018,2073,
STATSNZ:AGR_AGR_001(1.0),6051,7,2016,72,
STATSNZ:AGR_AGR_001(1.0),6051,8,2002,1505,
STATSNZ:AGR_AGR_001(1.0),6051,8,2007,1934,
STATSNZ:AGR_AGR_001(1.0),6051,9,2010,738,
STATSNZ:AGR_AGR_001(1.0),6051,9,2015,724,
STATSNZ:AGR_AGR_001(1.0),6052,10,2003,18104094,
STATSNZ:AGR_AGR_001(1.0),6052,12,2017,58323,
STATSNZ:AGR_AGR_001(1.0),6052,13,2010,672967,
STATSNZ:AGR_AGR_001(1.0),6052,14,2016,5990,
STATSNZ:AGR_AGR_001(1.0),6052,15,2014,1051011,
STATSNZ:AGR_AGR_001(1.0),6052,16,2007,918186,
STATSNZ:AGR_AGR_001(1.0),6052,16,2009,751332,
STATSNZ:AGR_AGR_001(1.0),6052,17,2003,613118,
STATSNZ:AGR_AGR_001(1.0),6052,20,2015,25375107,
STATSNZ:AGR_AGR_001(1.0),6052,3,2002,6122688,
STATSNZ:AGR_AGR_001(1.0),6052,3,2005,4133533,
STATSNZ:AGR_AGR_001(1.0),6052,7,2005,86543,
STATSNZ:AGR_AGR_001(1.0),6053,1,2006,2751,
STATSNZ:AGR_AGR_001(1.0),6053,1,2016,9667,
STATSNZ:AGR_AGR_001(1.0),6053,10,2018,46686,
STATSNZ:AGR_AGR_001(1.0),6053,11,2013,2258,
STATSNZ:AGR_AGR_001(1.0),6053,13,2012,1751,
STATSNZ:AGR_AGR_001(1.0),6053,16,2017,2875,
STATSNZ:AGR_AGR_001(1.0),6053,18,2016,0,
STATSNZ:AGR_AGR_001(1.0),6053,19,2005,12712,
STATSNZ:AGR_AGR_001(1.0),6053,2,2009,1336,
STATSNZ:AGR_AGR_001(1.0),6053,2,2014,1076,
STATSNZ:AGR_AGR_001(1.0),6053,20,2015,48002,
STATSNZ:AGR_AGR_001(1.0),6053,20,2017,52257,
STATSNZ:AGR_AGR_001(1.0),6053,3,2010,5956,
STATSNZ:AGR_AGR_001(1.0),6053,3,2015,7778,
STATSNZ:AGR_AGR_001(1.0),6053,4,2008,9189,
STATSNZ:AGR_AGR_001(1.0),6053,4,2018,11334,
STATSNZ:AGR_AGR_001(1.0),6053,6,2007,3010,
STATSNZ:AGR_AGR_001(1.0),6053,7,2015,344,
STATSNZ:AGR_AGR_001(1.0),6050,1,2002,1446,
STATSNZ:AGR_AGR_001(1.0),6050,10,2002,20620,
STATSNZ:AGR_AGR_001(1.0),6050,10,2013,5937,
STATSNZ:AGR_AGR_001(1.0),6050,14,2003,277,
STATSNZ:AGR_AGR_001(1.0),6050,14,2013,,c
STATSNZ:AGR_AGR_001(1.0),6050,16,2012,619,
STATSNZ:AGR_AGR_001(1.0),6050,19,2015,1324,
STATSNZ:AGR_AGR_001(1.0),6050,2,2003,729,
STATSNZ:AGR_AGR_001(1.0),6050,2,2012,32,
STATSNZ:AGR_AGR_001(1.0),6050,20,2011,7228,
STATSNZ:AGR_AGR_001(1.0),6050,5,2017,110,
STATSNZ:AGR_AGR_001(1.0),6050,6,2017,692,
STATSNZ:AGR_AGR_001(1.0),6050,7,2018,,s
STATSNZ:AGR_AGR_001(1.0),6050,8,2007,331,
STATSNZ:AGR_AGR_001(1.0),6050,8,2016,584,
STATSNZ:AGR_AGR_001(1.0),6051,1,2008,2295,
STATSNZ:AGR_AGR_001(1.0),6051,10,2009,22344,
STATSNZ:AGR_AGR_001(1.0),6051,10,2010,24054,
STATSNZ:AGR_AGR_001(1.0),6051,13,2003,788,
STATSNZ:AGR_AGR_001(1.0),6051,15,2011,1332,
STATSNZ:AGR_AGR_001(1.0),6051,18,2017,0,
STATSNZ:AGR_AGR_001(1.0),6051,18,2018,0,
STATSNZ:AGR_AGR_001(1.0),6051,19,2011,10629,
STATSNZ:AGR_AGR_001(1.0),6051,2,2008,795,
STATSNZ:AGR_AGR_001(1.0),6051,20,2009,31485,
STATSNZ:AGR_AGR_001(1.0),6051,3,2006,8948,
STATSNZ:AGR_AGR_001(1.0),6051,3,2007,5751,
STATSNZ:AGR_AGR_001(1.0),6051,4,2007,7304,
STATSNZ:AGR_AGR_001(1.0),6051,4,2017,9511,
STATSNZ:AGR_AGR_001(1.0),6051,6,2016,1056,
STATSNZ:AGR_AGR_001(1.0),6051,7,2005,175,
STATSNZ:AGR_AGR_001(1.0),6051,7,2014,,c
STATSNZ:AGR_AGR_001(1.0),6051,8,2005,1267,
STATSNZ:AGR_AGR_001(1.0),6051,8,2015,1797,
STATSNZ:AGR_AGR_001(1.0),6052,1,2016,4854009,
STATSNZ:AGR_AGR_001(1.0),6052,12,2010,155279,
STATSNZ:AGR_AGR_001(1.0),6052,13,2008,737583,
STATSNZ:AGR_AGR_001(1.0),6052,13,2017,892591,
STATSNZ:AGR_AGR_001(1.0),6052,14,2018,302650,
STATSNZ:AGR_AGR_001(1.0),6052,15,2007,1113439,
STATSNZ:AGR_AGR_001(1.0),6052,15,2016,717125,
STATSNZ:AGR_AGR_001(1.0),6052,16,2014,1078804,
STATSNZ:AGR_AGR_001(1.0),6052,17,2015,860329,
STATSNZ:AGR_AGR_001(1.0),6052,2,2014,533494,
STATSNZ:AGR_AGR_001(1.0),6052,20,2007,19107417,
STATSNZ:AGR_AGR_001(1.0),6052,20,2017,25911986,
STATSNZ:AGR_AGR_001(1.0),6052,3,2013,5229292,
STATSNZ:AGR_AGR_001(1.0),6052,5,2011,1466310,
STATSNZ:AGR_AGR_001(1.0),6052,5,2012,1567699,
STATSNZ:AGR_AGR_001(1.0),6052,7,2002,88534,
STATSNZ:AGR_AGR_001(1.0),6052,8,2002,662245,
STATSNZ:AGR_AGR_001(1.0),6052,8,2003,1291024,
STATSNZ:AGR_AGR_001(1.0),6053,1,2012,6636,
STATSNZ:AGR_AGR_001(1.0),6053,10,2003,37436,
STATSNZ:AGR_AGR_001(1.0),6053,10,2012,36601,
STATSNZ:AGR_AGR_001(1.0),6053,11,2007,2337,
STATSNZ:AGR_AGR_001(1.0),6053,12,2017,157,
STATSNZ:AGR_AGR_001(1.0),6053,14,2014,,c
STATSNZ:AGR_AGR_001(1.0),6053,14,2016,200,
STATSNZ:AGR_AGR_001(1.0),6053,15,2005,2172,
STATSNZ:AGR_AGR_001(1.0),6053,15,2014,2891,
STATSNZ:AGR_AGR_001(1.0),6053,16,2004,2945,
STATSNZ:AGR_AGR_001(1.0),6053,16,2015,3281,
STATSNZ:AGR_AGR_001(1.0),6053,19,2007,12149,
STATSNZ:AGR_AGR_001(1.0),6053,20,2013,50467,
STATSNZ:AGR_AGR_001(1.0),6053,3,2002,13008,
STATSNZ:AGR_AGR_001(1.0),6053,4,2011,10540,
STATSNZ:AGR_AGR_001(1.0),6053,6,2009,3005,
STATSNZ:AGR_AGR_001(1.0),6053,8,2008,2543,
STATSNZ:AGR_AGR_001(1.0),6053,9,2006,783,
STATSNZ:AGR_AGR_001(1.0),6053,9,2008,783,
STATSNZ:AGR_AGR_001(1.0),6050,1,2013,,c
STATSNZ:AGR_AGR_001(1.0),6050,13,2002,1106,
STATSNZ:AGR_AGR_001(1.0),6050,13,2007,187,
STATSNZ:AGR_AGR_001(1.0),6050,13,2017,472,
STATSNZ:AGR_AGR_001(1.0),6050,15,2003,1853,
STATSNZ:AGR_AGR_001(1.0),6050,15,2016,179,
STATSNZ:AGR_AGR_001(1.0),6050,16,2014,430,
STATSNZ:AGR_AGR_001(1.0),6050,17,2009,36,
STATSNZ:AGR_AGR_001(1.0),6050,3,2012,1280,
STATSNZ:AGR_AGR_001(1.0),6050,9,2014,,s
STATSNZ:AGR_AGR_001(1.0),6051,1,2010,3117,
STATSNZ:AGR_AGR_001(1.0),6051,1,2015,5862,
STATSNZ:AGR_AGR_001(1.0),6051,10,2015,29113,
STATSNZ:AGR_AGR_001(1.0),6051,12,2013,,c
STATSNZ:AGR_AGR_001(1.0),6051,14,2012,,c
STATSNZ:AGR_AGR_001(1.0),6051,16,2006,2349,
STATSNZ:AGR_AGR_001(1.0),6051,17,2002,1533,
STATSNZ:AGR_AGR_001(1.0),6051,17,2007,1267,
STATSNZ:AGR_AGR_001(1.0),6051,17,2017,1975,
STATSNZ:AGR_AGR_001(1.0),6051,19,2004,11955,
STATSNZ:AGR_AGR_001(1.0),6051,2,2006,931,
STATSNZ:AGR_AGR_001(1.0),6051,2,2011,847,
STATSNZ:AGR_AGR_001(1.0),6051,20,2016,37825,
STATSNZ:AGR_AGR_001(1.0),6051,5,2013,3247,
STATSNZ:AGR_AGR_001(1.0),6051,5,2018,2666,
STATSNZ:AGR_AGR_001(1.0),6051,7,2012,51,
STATSNZ:AGR_AGR_001(1.0),6052,1,2018,5518995,
STATSNZ:AGR_AGR_001(1.0),6052,10,2004,16648400,
STATSNZ:AGR_AGR_001(1.0),6052,10,2017,20935117,
STATSNZ:AGR_AGR_001(1.0),6052,13,2011,809329,
STATSNZ:AGR_AGR_001(1.0),6052,16,2013,1192484,
STATSNZ:AGR_AGR_001(1.0),6052,18,2012,0,
STATSNZ:AGR_AGR_001(1.0),6052,19,2012,5323026,
STATSNZ:AGR_AGR_001(1.0),6052,19,2014,4996303,
STATSNZ:AGR_AGR_001(1.0),6052,2,2016,613106,
STATSNZ:AGR_AGR_001(1.0),6052,3,2014,4696843,
STATSNZ:AGR_AGR_001(1.0),6052,4,2010,5470087,
STATSNZ:AGR_AGR_001(1.0),6052,4,2015,5384205,
STATSNZ:AGR_AGR_001(1.0),6052,5,2010,1328211,
STATSNZ:AGR_AGR_001(1.0),6052,6,2006,1198147,
STATSNZ:AGR_AGR_001(1.0),6052,6,2011,1933867,
STATSNZ:AGR_AGR_001(1.0),6052,8,2013,1267329,
STATSNZ:AGR_AGR_001(1.0),6052,9,2018,930871,
STATSNZ:AGR_AGR_001(1.0),6053,1,2005,2956,
STATSNZ:AGR_AGR_001(1.0),6053,11,2017,1352,
STATSNZ:AGR_AGR_001(1.0),6053,12,2013,,c
STATSNZ:AGR_AGR_001(1.0),6053,12,2018,,s
STATSNZ:AGR_AGR_001(1.0),6053,13,2003,1139,
STATSNZ:AGR_AGR_001(1.0),6053,13,2016,1882,
STATSNZ:AGR_AGR_001(1.0),6053,14,2012,747,
STATSNZ:AGR_AGR_001(1.0),6053,15,2015,3588,
STATSNZ:AGR_AGR_001(1.0),6053,16,2008,2596,
STATSNZ:AGR_AGR_001(1.0),6053,17,2006,886,
STATSNZ:AGR_AGR_001(1.0),6053,19,2006,11994,
STATSNZ:AGR_AGR_001(1.0),6053,2,2005,1008,
STATSNZ:AGR_AGR_001(1.0),6053,20,2003,49446,
STATSNZ:AGR_AGR_001(1.0),6053,3,2004,11410,
STATSNZ:AGR_AGR_001(1.0),6053,4,2017,11193,
STATSNZ:AGR_AGR_001(1.0),6053,5,2018,3901,
STATSNZ:AGR_AGR_001(1.0),6053,6,2016,1145,
STATSNZ:AGR_AGR_001(1.0),6053,7,2014,266,
STATSNZ:AGR_AGR_001(1.0),6053,8,2010,2701,
STATSNZ:AGR_AGR_001(1.0),6053,8,2015,1392,
STATSNZ:AGR_AGR_001(1.0),6050,10,2017,2897,
STATSNZ:AGR_AGR_001(1.0),6050,12,2018,0,
STATSNZ:AGR_AGR_001(1.0),6050,14,2018,14,
STATSNZ:AGR_AGR_001(1.0),6050,17,2016,27,
STATSNZ:AGR_AGR_001(1.0),6050,19,2011,1705,
STATSNZ:AGR_AGR_001(1.0),6050,2,2006,139,
STATSNZ:AGR_AGR_001(1.0),6050,2,2016,,s
STATSNZ:AGR_AGR_001(1.0),6050,2,2017,68,
STATSNZ:AGR_AGR_001(1.0),6050,20,2007,2580,
STATSNZ:AGR_AGR_001(1.0),6050,3,2004,643,
STATSNZ:AGR_AGR_001(1.0),6050,6,2002,1682,
STATSNZ:AGR_AGR_001(1.0),6051,1,2002,2001,
STATSNZ:AGR_AGR_001(1.0),6051,10,2004,32683,
STATSNZ:AGR_AGR_001(1.0),6051,10,2005,29406,
STATSNZ:AGR_AGR_001(1.0),6051,11,2018,1869,
STATSNZ:AGR_AGR_001(1.0),6051,19,2006,10532,
STATSNZ:AGR_AGR_001(1.0),6051,2,2004,1854,
STATSNZ:AGR_AGR_001(1.0),6051,20,2012,40247,
STATSNZ:AGR_AGR_001(1.0),6051,3,2002,11285,
STATSNZ:AGR_AGR_001(1.0),6051,3,2011,6115,
STATSNZ:AGR_AGR_001(1.0),6051,7,2018,360,
STATSNZ:AGR_AGR_001(1.0),6051,8,2010,1796,
STATSNZ:AGR_AGR_001(1.0),6051,9,2018,2652,
STATSNZ:AGR_AGR_001(1.0),6052,10,2002,15805790,
STATSNZ:AGR_AGR_001(1.0),6052,10,2011,18645584,
STATSNZ:AGR_AGR_001(1.0),6052,15,2011,818545,
STATSNZ:AGR_AGR_001(1.0),6052,19,2005,4736965,
STATSNZ:AGR_AGR_001(1.0),6052,2,2009,591509,
STATSNZ:AGR_AGR_001(1.0),6052,2,2018,284880,
STATSNZ:AGR_AGR_001(1.0),6052,4,2008,4353072,
STATSNZ:AGR_AGR_001(1.0),6052,4,2018,5678407,
STATSNZ:AGR_AGR_001(1.0),6052,6,2007,1410268,
STATSNZ:AGR_AGR_001(1.0),6052,6,2018,2058797,
STATSNZ:AGR_AGR_001(1.0),6052,9,2006,385288,
STATSNZ:AGR_AGR_001(1.0),6053,1,2007,3054,
STATSNZ:AGR_AGR_001(1.0),6053,1,2008,3846,
STATSNZ:AGR_AGR_001(1.0),6053,1,2018,11834,
STATSNZ:AGR_AGR_001(1.0),6053,12,2011,289,
STATSNZ:AGR_AGR_001(1.0),6053,16,2018,2904,
STATSNZ:AGR_AGR_001(1.0),6053,18,2018,0,
STATSNZ:AGR_AGR_001(1.0),6053,19,2002,12497,
STATSNZ:AGR_AGR_001(1.0),6053,20,2008,42680,
STATSNZ:AGR_AGR_001(1.0),6053,20,2009,40004,
STATSNZ:AGR_AGR_001(1.0),6053,20,2018,62103,
STATSNZ:AGR_AGR_001(1.0),6053,3,2007,7170,
STATSNZ:AGR_AGR_001(1.0),6053,4,2006,8392,
STATSNZ:AGR_AGR_001(1.0),6050,1,2014,,c
STATSNZ:AGR_AGR_001(1.0),6050,10,2006,1837,
STATSNZ:AGR_AGR_001(1.0),6050,11,2014,29,
STATSNZ:AGR_AGR_001(1.0),6050,12,2012,0,
STATSNZ:AGR_AGR_001(1.0),6050,15,2017,554,
STATSNZ:AGR_AGR_001(1.0),6050,16,2005,582,
STATSNZ:AGR_AGR_001(1.0),6050,19,2008,1886,
STATSNZ:AGR_AGR_001(1.0),6050,19,2013,,s
STATSNZ:AGR_AGR_001(1.0),6050,19,2018,2518,
STATSNZ:AGR_AGR_001(1.0),6050,20,2005,9719,
STATSNZ:AGR_AGR_001(1.0),6050,20,2018,8293,
STATSNZ:AGR_AGR_001(1.0),6050,4,2016,104,
STATSNZ:AGR_AGR_001(1.0),6050,6,2015,207,
STATSNZ:AGR_AGR_001(1.0),6051,1,2006,1972,
STATSNZ:AGR_AGR_001(1.0),6051,1,2009,2666,
STATSNZ:AGR_AGR_001(1.0),6051,11,2014,,c
STATSNZ:AGR_AGR_001(1.0),6051,12,2012,,c
STATSNZ:AGR_AGR_001(1.0),6051,12,2017,2,
STATSNZ:AGR_AGR_001(1.0),6051,13,2005,1177,
STATSNZ:AGR_AGR_001(1.0),6051,14,2016,0,
STATSNZ:AGR_AGR_001(1.0),6051,15,2004,2043,
STATSNZ:AGR_AGR_001(1.0),6051,15,2009,1096,
STATSNZ:AGR_AGR_001(1.0),6051,16,2002,2678,
STATSNZ:AGR_AGR_001(1.0),6051,16,2015,3041,
STATSNZ:AGR_AGR_001(1.0),6051,16,2017,2998,
STATSNZ:AGR_AGR_001(1.0),6051,18,2016,,c
STATSNZ:AGR_AGR_001(1.0),6051,19,2010,9035,
STATSNZ:AGR_AGR_001(1.0),6051,19,2013,11942,
STATSNZ:AGR_AGR_001(1.0),6051,20,2002,42476,
STATSNZ:AGR_AGR_001(1.0),6051,3,2008,5642,
STATSNZ:AGR_AGR_001(1.0),6051,5,2007,1256,
STATSNZ:AGR_AGR_001(1.0),6051,5,2009,1807,
STATSNZ:AGR_AGR_001(1.0),6051,6,2003,3627,
STATSNZ:AGR_AGR_001(1.0),6051,9,2007,897,
STATSNZ:AGR_AGR_001(1.0),6051,9,2012,967,
STATSNZ:AGR_AGR_001(1.0),6052,10,2008,14582945,
STATSNZ:AGR_AGR_001(1.0),6052,11,2016,964846,
STATSNZ:AGR_AGR_001(1.0),6052,13,2002,466085,
STATSNZ:AGR_AGR_001(1.0),6052,13,2015,1105801,
STATSNZ:AGR_AGR_001(1.0),6052,15,2009,629347,
STATSNZ:AGR_AGR_001(1.0),6052,17,2008,438337,
STATSNZ:AGR_AGR_001(1.0),6052,17,2013,777967,
STATSNZ:AGR_AGR_001(1.0),6052,17,2018,,s
STATSNZ:AGR_AGR_001(1.0),6052,2,2007,446543,
STATSNZ:AGR_AGR_001(1.0),6052,3,2015,4562718,
STATSNZ:AGR_AGR_001(1.0),6052,4,2011,5840993,
STATSNZ:AGR_AGR_001(1.0),6052,6,2005,1272645,
STATSNZ:AGR_AGR_001(1.0),6052,7,2013,168924,
STATSNZ:AGR_AGR_001(1.0),6052,8,2004,1270048,
STATSNZ:AGR_AGR_001(1.0),6052,8,2014,1374340,
STATSNZ:AGR_AGR_001(1.0),6052,9,2002,394450,
STATSNZ:AGR_AGR_001(1.0),6052,9,2012,521585,
STATSNZ:AGR_AGR_001(1.0),6052,9,2017,1004580,
STATSNZ:AGR_AGR_001(1.0),6053,1,2011,5651,
STATSNZ:AGR_AGR_001(1.0),6053,1,2014,6605,
STATSNZ:AGR_AGR_001(1.0),6053,10,2015,35098,
STATSNZ:AGR_AGR_001(1.0),6053,12,2009,403,
STATSNZ:AGR_AGR_001(1.0),6053,14,2013,,c
STATSNZ:AGR_AGR_001(1.0),6053,14,2018,1169,
STATSNZ:AGR_AGR_001(1.0),6053,15,2003,2365,
STATSNZ:AGR_AGR_001(1.0),6053,16,2007,2677,
STATSNZ:AGR_AGR_001(1.0),6053,16,2012,2930,
STATSNZ:AGR_AGR_001(1.0),6053,17,2010,1050,
STATSNZ:AGR_AGR_001(1.0),6053,19,2015,12903,
STATSNZ:AGR_AGR_001(1.0),6053,20,2007,42347,
STATSNZ:AGR_AGR_001(1.0),6053,3,2005,7979,
STATSNZ:AGR_AGR_001(1.0),6053,3,2018,7635,
STATSNZ:AGR_AGR_001(1.0),6053,4,2013,10282,
STATSNZ:AGR_AGR_001(1.0),6053,5,2014,3738,
STATSNZ:AGR_AGR_001(1.0),6053,6,2002,3241,
STATSNZ:AGR_AGR_001(1.0),6053,6,2012,4512,
STATSNZ:AGR_AGR_001(1.0),6053,6,2017,1452,
STATSNZ:AGR_AGR_001(1.0),6053,7,2005,203,
STATSNZ:AGR_AGR_001(1.0),6053,8,2006,3423,
STATSNZ:AGR_AGR_001(1.0),6053,8,2016,1635,
STATSNZ:AGR_AGR_001(1.0),6050,10,2012,8238,
STATSNZ:AGR_AGR_001(1.0),6050,11,2007,54,
STATSNZ:AGR_AGR_001(1.0),6050,12,2013,,c
STATSNZ:AGR_AGR_001(1.0),6050,12,2014,0,
STATSNZ:AGR_AGR_001(1.0),6050,13,2014,,c
STATSNZ:AGR_AGR_001(1.0),6050,14,2012,,c
STATSNZ:AGR_AGR_001(1.0),6050,14,2014,,c
STATSNZ:AGR_AGR_001(1.0),6050,15,2004,2151,
STATSNZ:AGR_AGR_001(1.0),6050,15,2005,701,
STATSNZ:AGR_AGR_001(1.0),6050,16,2002,3464,
STATSNZ:AGR_AGR_001(1.0),6050,17,2002,3089,
STATSNZ:AGR_AGR_001(1.0),6050,2,2002,1285,
STATSNZ:AGR_AGR_001(1.0),6050,20,2003,18997,
STATSNZ:AGR_AGR_001(1.0),6050,20,2012,11327,
STATSNZ:AGR_AGR_001(1.0),6050,4,2017,54,
STATSNZ:AGR_AGR_001(1.0),6050,5,2009,214,
STATSNZ:AGR_AGR_001(1.0),6050,6,2016,59,
STATSNZ:AGR_AGR_001(1.0),6050,8,2015,343,
STATSNZ:AGR_AGR_001(1.0),6050,9,2007,71,
STATSNZ:AGR_AGR_001(1.0),6051,1,2016,7916,
STATSNZ:AGR_AGR_001(1.0),6051,1,2017,7696,
STATSNZ:AGR_AGR_001(1.0),6051,11,2012,2886,
STATSNZ:AGR_AGR_001(1.0),6051,13,2002,467,
STATSNZ:AGR_AGR_001(1.0),6051,15,2002,2274,
STATSNZ:AGR_AGR_001(1.0),6051,16,2009,2278,
STATSNZ:AGR_AGR_001(1.0),6051,19,2003,10891,
STATSNZ:AGR_AGR_001(1.0),6051,19,2012,11384,
STATSNZ:AGR_AGR_001(1.0),6051,20,2017,41970,
STATSNZ:AGR_AGR_001(1.0),6051,3,2015,6369,
STATSNZ:AGR_AGR_001(1.0),6051,3,2016,4070,
STATSNZ:AGR_AGR_001(1.0),6051,5,2015,2501,
STATSNZ:AGR_AGR_001(1.0),6051,7,2013,213,
STATSNZ:AGR_AGR_001(1.0),6051,8,2014,2042,
STATSNZ:AGR_AGR_001(1.0),6051,9,2013,1118,
STATSNZ:AGR_AGR_001(1.0),6051,9,2014,1263,
STATSNZ:AGR_AGR_001(1.0),6052,1,2015,3484674,
STATSNZ:AGR_AGR_001(1.0),6052,10,2015,19588967,
STATSNZ:AGR_AGR_001(1.0),6052,10,2016,20794800,
STATSNZ:AGR_AGR_001(1.0),6052,13,2009,491804,
STATSNZ:AGR_AGR_001(1.0),6052,15,2008,833023,
STATSNZ:AGR_AGR_001(1.0),6052,16,2015,1487310,
STATSNZ:AGR_AGR_001(1.0),6052,17,2007,479503,
STATSNZ:AGR_AGR_001(1.0),6052,19,2002,4614347,
STATSNZ:AGR_AGR_001(1.0),6052,2,2015,505697,
STATSNZ:AGR_AGR_001(1.0),6052,20,2016,25380687,
STATSNZ:AGR_AGR_001(1.0),6052,4,2013,5736869,
STATSNZ:AGR_AGR_001(1.0),6052,6,2003,1971056,
STATSNZ:AGR_AGR_001(1.0),6052,6,2012,2664303,
STATSNZ:AGR_AGR_001(1.0),6052,6,2013,2645449,
STATSNZ:AGR_AGR_001(1.0),6052,7,2012,166197,
STATSNZ:AGR_AGR_001(1.0),6052,8,2012,1326520,
STATSNZ:AGR_AGR_001(1.0),6052,9,2010,470132,
STATSNZ:AGR_AGR_001(1.0),6053,1,2003,3102,
STATSNZ:AGR_AGR_001(1.0),6053,1,2013,7130,
STATSNZ:AGR_AGR_001(1.0),6053,10,2011,35298,
STATSNZ:AGR_AGR_001(1.0),6053,11,2015,2020,
STATSNZ:AGR_AGR_001(1.0),6053,11,2016,1954,
STATSNZ:AGR_AGR_001(1.0),6053,12,2015,,c
STATSNZ:AGR_AGR_001(1.0),6053,13,2015,2031,
STATSNZ:AGR_AGR_001(1.0),6053,15,2013,2202,
STATSNZ:AGR_AGR_001(1.0),6053,16,2014,2278,
STATSNZ:AGR_AGR_001(1.0),6053,17,2003,1378,
STATSNZ:AGR_AGR_001(1.0),6053,17,2012,1747,
STATSNZ:AGR_AGR_001(1.0),6053,17,2013,1847,
STATSNZ:AGR_AGR_001(1.0),6053,18,2014,0,
STATSNZ:AGR_AGR_001(1.0),6053,19,2016,9797,
STATSNZ:AGR_AGR_001(1.0),6053,3,2003,12800,
STATSNZ:AGR_AGR_001(1.0),6053,3,2012,6066,
STATSNZ:AGR_AGR_001(1.0),6053,3,2013,8942,
STATSNZ:AGR_AGR_001(1.0),6053,4,2010,10485,
STATSNZ:AGR_AGR_001(1.0),6053,5,2010,2458,
STATSNZ:AGR_AGR_001(1.0),6053,5,2012,2561,
STATSNZ:AGR_AGR_001(1.0),6053,6,2010,3360,
STATSNZ:AGR_AGR_001(1.0),6053,7,2017,508,
STATSNZ:AGR_AGR_001(1.0),6053,8,2017,3133,
STATSNZ:AGR_AGR_001(1.0),6053,9,2016,907,
STATSNZ:AGR_AGR_001(1.0),6053,9,2017,1648,
STATSNZ:AGR_AGR_001(1.0),6050,10,2005,5755,
STATSNZ:AGR_AGR_001(1.0),6050,10,2010,1880,
STATSNZ:AGR_AGR_001(1.0),6050,11,2013,152,
STATSNZ:AGR_AGR_001(1.0),6050,11,2018,254,
STATSNZ:AGR_AGR_001(1.0),6050,13,2012,1064,
STATSNZ:AGR_AGR_001(1.0),6050,15,2006,765,
STATSNZ:AGR_AGR_001(1.0),6050,16,2004,1976,
STATSNZ:AGR_AGR_001(1.0),6050,16,2006,317,
STATSNZ:AGR_AGR_001(1.0),6050,17,2017,248,
STATSNZ:AGR_AGR_001(1.0),6050,19,2007,1300,
STATSNZ:AGR_AGR_001(1.0),6050,20,2014,3942,
STATSNZ:AGR_AGR_001(1.0),6050,3,2002,3187,
STATSNZ:AGR_AGR_001(1.0),6050,3,2017,691,
STATSNZ:AGR_AGR_001(1.0),6050,4,2002,1044,
STATSNZ:AGR_AGR_001(1.0),6050,5,2016,212,
STATSNZ:AGR_AGR_001(1.0),6050,7,2015,,c
STATSNZ:AGR_AGR_001(1.0),6050,8,2008,189,
STATSNZ:AGR_AGR_001(1.0),6051,10,2002,31180,
STATSNZ:AGR_AGR_001(1.0),6051,10,2017,31206,
STATSNZ:AGR_AGR_001(1.0),6051,13,2004,774,
STATSNZ:AGR_AGR_001(1.0),6051,14,2017,19,
STATSNZ:AGR_AGR_001(1.0),6051,16,2016,2220,
STATSNZ:AGR_AGR_001(1.0),6051,18,2015,0,
STATSNZ:AGR_AGR_001(1.0),6051,19,2014,10325,
STATSNZ:AGR_AGR_001(1.0),6051,2,2016,,s
STATSNZ:AGR_AGR_001(1.0),6051,20,2006,36061,
STATSNZ:AGR_AGR_001(1.0),6051,3,2009,4898,
STATSNZ:AGR_AGR_001(1.0),6051,4,2015,8215,
STATSNZ:AGR_AGR_001(1.0),6051,5,2008,1279,
STATSNZ:AGR_AGR_001(1.0),6051,8,2003,1507,
STATSNZ:AGR_AGR_001(1.0),6051,8,2013,2089,
STATSNZ:AGR_AGR_001(1.0),6051,8,2018,2768,
STATSNZ:AGR_AGR_001(1.0),6052,1,2008,1808430,
STATSNZ:AGR_AGR_001(1.0),6052,10,2009,14837578,
STATSNZ:AGR_AGR_001(1.0),6052,11,2017,727714,
STATSNZ:AGR_AGR_001(1.0),6052,12,2016,85629,
STATSNZ:AGR_AGR_001(1.0),6052,13,2016,973028,
STATSNZ:AGR_AGR_001(1.0),6052,14,2015,,c
STATSNZ:AGR_AGR_001(1.0),6052,15,2015,1251457,
STATSNZ:AGR_AGR_001(1.0),6052,16,2008,789249,
STATSNZ:AGR_AGR_001(1.0),6052,19,2004,4906985,
STATSNZ:AGR_AGR_001(1.0),6052,19,2017,4976869,
STATSNZ:AGR_AGR_001(1.0),6052,2,2011,689314,
STATSNZ:AGR_AGR_001(1.0),6052,20,2009,18887204,
STATSNZ:AGR_AGR_001(1.0),6052,3,2011,3776177,
STATSNZ:AGR_AGR_001(1.0),6052,4,2007,4630252,
STATSNZ:AGR_AGR_001(1.0),6052,5,2013,1746983,
STATSNZ:AGR_AGR_001(1.0),6052,5,2018,2318442,
STATSNZ:AGR_AGR_001(1.0),6052,6,2014,2727867,
STATSNZ:AGR_AGR_001(1.0),6052,7,2014,134040,
STATSNZ:AGR_AGR_001(1.0),6052,8,2005,1304974,
STATSNZ:AGR_AGR_001(1.0),6052,8,2010,1350921,
STATSNZ:AGR_AGR_001(1.0),6053,13,2008,1545,
STATSNZ:AGR_AGR_001(1.0),6053,13,2011,1654,
STATSNZ:AGR_AGR_001(1.0),6053,15,2007,3058,
STATSNZ:AGR_AGR_001(1.0),6053,16,2003,2568,
STATSNZ:AGR_AGR_001(1.0),6053,16,2013,2515,
STATSNZ:AGR_AGR_001(1.0),6053,17,2014,1876,
STATSNZ:AGR_AGR_001(1.0),6053,18,2012,0,
STATSNZ:AGR_AGR_001(1.0),6053,19,2009,10452,
STATSNZ:AGR_AGR_001(1.0),6053,2,2003,2541,
STATSNZ:AGR_AGR_001(1.0),6053,2,2013,1176,
STATSNZ:AGR_AGR_001(1.0),6053,2,2018,1371,
STATSNZ:AGR_AGR_001(1.0),6053,20,2011,47459,
STATSNZ:AGR_AGR_001(1.0),6053,3,2014,8364,
STATSNZ:AGR_AGR_001(1.0),6053,4,2012,11382,
STATSNZ:AGR_AGR_001(1.0),6053,5,2005,1323,
STATSNZ:AGR_AGR_001(1.0),6053,6,2006,3273,
STATSNZ:AGR_AGR_001(1.0),6053,8,2002,1581,
