DATAFLOW,HORTICULTURE_AGR_AGR_002,AREA_AGR_AGR_002,YEAR_AGR_AGR_002,OBS_VALUE,OBS_STATUS
STATSNZ:AGR_AGR_002(1.0),8600,9,1994,175,
STATSNZ:AGR_AGR_002(1.0),8555,6,1994,303,
STATSNZ:AGR_AGR_002(1.0),8570,1,1994,331,
STATSNZ:AGR_AGR_002(1.0),9170,19,1994,370,
STATSNZ:AGR_AGR_002(1.0),9120,3,1994,1817,
STATSNZ:AGR_AGR_002(1.0),9135,15,1994,2517,
STATSNZ:AGR_AGR_002(1.0),9120,20,1994,4929,
STATSNZ:AGR_AGR_002(1.0),8500,4,2002,137,
STATSNZ:AGR_AGR_002(1.0),8555,20,2002,11841,
STATSNZ:AGR_AGR_002(1.0),8600,19,2002,9888,
STATSNZ:AGR_AGR_002(1.0),8700,5,2002,12,
STATSNZ:AGR_AGR_002(1.0),9120,10,2002,4555,
STATSNZ:AGR_AGR_002(1.0),8555,16,2003,10,
STATSNZ:AGR_AGR_002(1.0),8555,20,2003,12271,
STATSNZ:AGR_AGR_002(1.0),8570,11,2003,9,
STATSNZ:AGR_AGR_002(1.0),8600,6,2003,4272,
STATSNZ:AGR_AGR_002(1.0),8600,19,2003,11850,
STATSNZ:AGR_AGR_002(1.0),8700,5,2003,18,
STATSNZ:AGR_AGR_002(1.0),9120,10,2003,4594,
STATSNZ:AGR_AGR_002(1.0),8700,20,2005,2433,
STATSNZ:AGR_AGR_002(1.0),9120,15,2005,759,
STATSNZ:AGR_AGR_002(1.0),9135,19,2005,4834,
STATSNZ:AGR_AGR_002(1.0),8500,1,2007,30,
STATSNZ:AGR_AGR_002(1.0),8570,8,2007,19,
STATSNZ:AGR_AGR_002(1.0),8700,15,2007,437,
STATSNZ:AGR_AGR_002(1.0),9120,19,2007,714,
STATSNZ:AGR_AGR_002(1.0),8500,2,2009,121,
STATSNZ:AGR_AGR_002(1.0),8555,19,2009,635,
STATSNZ:AGR_AGR_002(1.0),8570,5,2009,59,
STATSNZ:AGR_AGR_002(1.0),8600,10,2009,9060,
STATSNZ:AGR_AGR_002(1.0),8700,16,2009,23,
STATSNZ:AGR_AGR_002(1.0),9120,11,2009,30,
STATSNZ:AGR_AGR_002(1.0),9135,6,2009,1031,
STATSNZ:AGR_AGR_002(1.0),9170,1,2009,4,
STATSNZ:AGR_AGR_002(1.0),8500,10,2011,5734,
STATSNZ:AGR_AGR_002(1.0),8600,15,2011,1817,
STATSNZ:AGR_AGR_002(1.0),8700,19,2011,661,
STATSNZ:AGR_AGR_002(1.0),9120,9,2011,12,
STATSNZ:AGR_AGR_002(1.0),9135,4,2011,2,
STATSNZ:AGR_AGR_002(1.0),9170,20,2011,6467,
STATSNZ:AGR_AGR_002(1.0),8500,15,2012,226,
STATSNZ:AGR_AGR_002(1.0),8570,18,2012,0,
STATSNZ:AGR_AGR_002(1.0),8600,13,2012,22627,
STATSNZ:AGR_AGR_002(1.0),8600,17,2012,,c
STATSNZ:AGR_AGR_002(1.0),8700,8,2012,43,
STATSNZ:AGR_AGR_002(1.0),8700,12,2012,0,
STATSNZ:AGR_AGR_002(1.0),9120,7,2012,,c
STATSNZ:AGR_AGR_002(1.0),9135,2,2012,1444,
STATSNZ:AGR_AGR_002(1.0),9170,14,2012,0,
STATSNZ:AGR_AGR_002(1.0),8500,9,2014,,c
STATSNZ:AGR_AGR_002(1.0),8500,13,2014,,c
STATSNZ:AGR_AGR_002(1.0),8555,4,2014,8456.3,
STATSNZ:AGR_AGR_002(1.0),8555,8,2014,149,
STATSNZ:AGR_AGR_002(1.0),8570,16,2014,0,
STATSNZ:AGR_AGR_002(1.0),8570,20,2014,3893,
STATSNZ:AGR_AGR_002(1.0),8600,11,2014,869,
STATSNZ:AGR_AGR_002(1.0),8700,6,2014,195,
STATSNZ:AGR_AGR_002(1.0),9120,1,2014,,c
STATSNZ:AGR_AGR_002(1.0),9120,18,2014,0,
STATSNZ:AGR_AGR_002(1.0),9135,13,2014,,c
STATSNZ:AGR_AGR_002(1.0),9135,17,2014,,c
STATSNZ:AGR_AGR_002(1.0),9170,12,2014,,c
STATSNZ:AGR_AGR_002(1.0),8555,14,2017,0,
STATSNZ:AGR_AGR_002(1.0),8570,9,2017,8,
STATSNZ:AGR_AGR_002(1.0),8570,13,2017,0,
STATSNZ:AGR_AGR_002(1.0),8600,4,2017,75,
STATSNZ:AGR_AGR_002(1.0),8600,8,2017,88,
STATSNZ:AGR_AGR_002(1.0),8700,3,2017,34,
STATSNZ:AGR_AGR_002(1.0),8700,20,2017,921,
STATSNZ:AGR_AGR_002(1.0),9120,15,2017,1001,
STATSNZ:AGR_AGR_002(1.0),9135,19,2017,4678,
STATSNZ:AGR_AGR_002(1.0),9170,18,2017,0,
STATSNZ:AGR_AGR_002(1.0),8500,1,2019,,s
STATSNZ:AGR_AGR_002(1.0),8500,18,2019,0,
STATSNZ:AGR_AGR_002(1.0),8555,13,2019,,s
STATSNZ:AGR_AGR_002(1.0),8570,8,2019,,s
STATSNZ:AGR_AGR_002(1.0),8600,3,2019,,s
STATSNZ:AGR_AGR_002(1.0),8700,15,2019,75,
STATSNZ:AGR_AGR_002(1.0),9120,6,2019,933,
STATSNZ:AGR_AGR_002(1.0),9120,19,2019,1543,
STATSNZ:AGR_AGR_002(1.0),9135,5,2019,3,
STATSNZ:AGR_AGR_002(1.0),9170,10,2019,6741,
STATSNZ:AGR_AGR_002(1.0),9170,17,2019,0,
STATSNZ:AGR_AGR_002(1.0),8500,16,2020,457,
STATSNZ:AGR_AGR_002(1.0),8500,20,2020,9789,
STATSNZ:AGR_AGR_002(1.0),8555,11,2020,412,
STATSNZ:AGR_AGR_002(1.0),8570,6,2020,20,
STATSNZ:AGR_AGR_002(1.0),8600,1,2020,55,
STATSNZ:AGR_AGR_002(1.0),8600,18,2020,0,
STATSNZ:AGR_AGR_002(1.0),8700,13,2020,36,
STATSNZ:AGR_AGR_002(1.0),9120,8,2020,166,
STATSNZ:AGR_AGR_002(1.0),9135,3,2020,1421,
STATSNZ:AGR_AGR_002(1.0),9170,15,2020,56,
STATSNZ:AGR_AGR_002(1.0),8500,19,2022,2814,
STATSNZ:AGR_AGR_002(1.0),8555,5,2022,572,
STATSNZ:AGR_AGR_002(1.0),8555,9,2022,73,
STATSNZ:AGR_AGR_002(1.0),8570,4,2022,2124,
STATSNZ:AGR_AGR_002(1.0),8570,10,2022,5134,
STATSNZ:AGR_AGR_002(1.0),8600,16,2022,1302,
STATSNZ:AGR_AGR_002(1.0),8600,20,2022,34604,
STATSNZ:AGR_AGR_002(1.0),8700,11,2022,24,
STATSNZ:AGR_AGR_002(1.0),9135,14,2022,0,
STATSNZ:AGR_AGR_002(1.0),9135,18,2022,0,
STATSNZ:AGR_AGR_002(1.0),9170,9,2022,2,
STATSNZ:AGR_AGR_002(1.0),9170,13,2022,0,
STATSNZ:AGR_AGR_002(1.0),8500,4,2024,124,
STATSNZ:AGR_AGR_002(1.0),8500,8,2024,21,
STATSNZ:AGR_AGR_002(1.0),8555,3,2024,960,
STATSNZ:AGR_AGR_002(1.0),8570,15,2024,0,
STATSNZ:AGR_AGR_002(1.0),8600,14,2024,0,
STATSNZ:AGR_AGR_002(1.0),8600,19,2024,30488,
STATSNZ:AGR_AGR_002(1.0),8700,5,2024,,s
STATSNZ:AGR_AGR_002(1.0),8700,9,2024,175,
STATSNZ:AGR_AGR_002(1.0),9120,4,2024,4,
STATSNZ:AGR_AGR_002(1.0),9120,10,2024,3675,
STATSNZ:AGR_AGR_002(1.0),9135,12,2024,0,
STATSNZ:AGR_AGR_002(1.0),9170,7,2024,0,
STATSNZ:AGR_AGR_002(1.0),9120,7,1994,2,
STATSNZ:AGR_AGR_002(1.0),9135,7,1994,36,
STATSNZ:AGR_AGR_002(1.0),9135,11,1994,84,
STATSNZ:AGR_AGR_002(1.0),8555,2,1994,646,
STATSNZ:AGR_AGR_002(1.0),8500,15,1994,1856,
STATSNZ:AGR_AGR_002(1.0),8555,3,2002,818,
STATSNZ:AGR_AGR_002(1.0),8555,7,2002,47,
STATSNZ:AGR_AGR_002(1.0),8570,7,2002,52,
STATSNZ:AGR_AGR_002(1.0),8570,11,2002,15,
STATSNZ:AGR_AGR_002(1.0),8700,1,2002,146,
STATSNZ:AGR_AGR_002(1.0),9120,4,2002,50,
STATSNZ:AGR_AGR_002(1.0),9135,8,2002,2267,
STATSNZ:AGR_AGR_002(1.0),9135,16,2002,185,
STATSNZ:AGR_AGR_002(1.0),8500,10,2003,7588,
STATSNZ:AGR_AGR_002(1.0),8600,2,2003,672,
STATSNZ:AGR_AGR_002(1.0),8700,9,2003,313,
STATSNZ:AGR_AGR_002(1.0),9120,13,2003,16,
STATSNZ:AGR_AGR_002(1.0),8500,2,2005,123,
STATSNZ:AGR_AGR_002(1.0),8500,6,2005,6067,
STATSNZ:AGR_AGR_002(1.0),8555,19,2005,754,
STATSNZ:AGR_AGR_002(1.0),8600,10,2005,7887,
STATSNZ:AGR_AGR_002(1.0),9120,11,2005,15,
STATSNZ:AGR_AGR_002(1.0),9170,5,2005,2005,
STATSNZ:AGR_AGR_002(1.0),8555,4,2007,10108,
STATSNZ:AGR_AGR_002(1.0),8555,10,2007,12462,
STATSNZ:AGR_AGR_002(1.0),8570,4,2007,2210,
STATSNZ:AGR_AGR_002(1.0),8700,2,2007,290,
STATSNZ:AGR_AGR_002(1.0),9120,6,2007,517,
STATSNZ:AGR_AGR_002(1.0),8500,15,2009,180,
STATSNZ:AGR_AGR_002(1.0),8600,13,2009,19577,
STATSNZ:AGR_AGR_002(1.0),8700,3,2009,42,
STATSNZ:AGR_AGR_002(1.0),8700,20,2009,2016,
STATSNZ:AGR_AGR_002(1.0),9120,3,2009,1265,
STATSNZ:AGR_AGR_002(1.0),9135,19,2009,4693,
STATSNZ:AGR_AGR_002(1.0),8570,7,2011,68,
STATSNZ:AGR_AGR_002(1.0),8600,11,2011,809,
STATSNZ:AGR_AGR_002(1.0),8700,1,2011,205,
STATSNZ:AGR_AGR_002(1.0),9120,1,2011,5,
STATSNZ:AGR_AGR_002(1.0),9120,5,2011,36,
STATSNZ:AGR_AGR_002(1.0),9135,8,2011,1214,
STATSNZ:AGR_AGR_002(1.0),8500,11,2012,2496,
STATSNZ:AGR_AGR_002(1.0),8570,1,2012,1547,
STATSNZ:AGR_AGR_002(1.0),8570,5,2012,60,
STATSNZ:AGR_AGR_002(1.0),8600,9,2012,895,
STATSNZ:AGR_AGR_002(1.0),8700,16,2012,22,
STATSNZ:AGR_AGR_002(1.0),8700,20,2012,1657,
STATSNZ:AGR_AGR_002(1.0),9120,3,2012,1837,
STATSNZ:AGR_AGR_002(1.0),9120,20,2012,5718,
STATSNZ:AGR_AGR_002(1.0),9135,6,2012,589,
STATSNZ:AGR_AGR_002(1.0),9170,19,2012,,c
STATSNZ:AGR_AGR_002(1.0),8555,10,2014,10421,
STATSNZ:AGR_AGR_002(1.0),8555,17,2014,,c
STATSNZ:AGR_AGR_002(1.0),8600,15,2014,1415,
STATSNZ:AGR_AGR_002(1.0),8700,2,2014,187,
STATSNZ:AGR_AGR_002(1.0),9120,5,2014,,c
STATSNZ:AGR_AGR_002(1.0),9120,9,2014,,c
STATSNZ:AGR_AGR_002(1.0),9135,9,2014,,s
STATSNZ:AGR_AGR_002(1.0),9170,20,2014,6501,
STATSNZ:AGR_AGR_002(1.0),8555,1,2017,551,
STATSNZ:AGR_AGR_002(1.0),8555,18,2017,0,
STATSNZ:AGR_AGR_002(1.0),8570,5,2017,48,
STATSNZ:AGR_AGR_002(1.0),8600,12,2017,24,
STATSNZ:AGR_AGR_002(1.0),8700,16,2017,19,
STATSNZ:AGR_AGR_002(1.0),9120,2,2017,1919,
STATSNZ:AGR_AGR_002(1.0),9135,6,2017,236,
STATSNZ:AGR_AGR_002(1.0),8500,14,2019,0,
STATSNZ:AGR_AGR_002(1.0),8500,19,2019,3242,
STATSNZ:AGR_AGR_002(1.0),8555,10,2019,14461,
STATSNZ:AGR_AGR_002(1.0),8555,17,2019,0,
STATSNZ:AGR_AGR_002(1.0),8570,4,2019,1948,
STATSNZ:AGR_AGR_002(1.0),8700,2,2019,162,
STATSNZ:AGR_AGR_002(1.0),8700,11,2019,53,
STATSNZ:AGR_AGR_002(1.0),9135,9,2019,,s
STATSNZ:AGR_AGR_002(1.0),9170,13,2019,0,
STATSNZ:AGR_AGR_002(1.0),8500,8,2020,28,
STATSNZ:AGR_AGR_002(1.0),8500,12,2020,5,
STATSNZ:AGR_AGR_002(1.0),8555,15,2020,,s
STATSNZ:AGR_AGR_002(1.0),8570,2,2020,433,
STATSNZ:AGR_AGR_002(1.0),8600,5,2020,1256,
STATSNZ:AGR_AGR_002(1.0),8700,9,2020,194,
STATSNZ:AGR_AGR_002(1.0),8700,10,2020,682,
STATSNZ:AGR_AGR_002(1.0),8700,17,2020,0,
STATSNZ:AGR_AGR_002(1.0),9135,7,2020,,s
STATSNZ:AGR_AGR_002(1.0),9170,11,2020,13,
STATSNZ:AGR_AGR_002(1.0),8500,14,2022,,s
STATSNZ:AGR_AGR_002(1.0),8500,18,2022,0,
STATSNZ:AGR_AGR_002(1.0),8555,1,2022,471,
STATSNZ:AGR_AGR_002(1.0),8555,18,2022,0,
STATSNZ:AGR_AGR_002(1.0),8570,8,2022,9,
STATSNZ:AGR_AGR_002(1.0),8600,8,2022,256,
STATSNZ:AGR_AGR_002(1.0),8600,12,2022,,s
STATSNZ:AGR_AGR_002(1.0),9120,2,2022,1701,
STATSNZ:AGR_AGR_002(1.0),9120,6,2022,711,
STATSNZ:AGR_AGR_002(1.0),9170,10,2022,4773,
STATSNZ:AGR_AGR_002(1.0),9170,17,2022,0,
STATSNZ:AGR_AGR_002(1.0),8500,17,2024,0,
STATSNZ:AGR_AGR_002(1.0),8555,7,2024,,s
STATSNZ:AGR_AGR_002(1.0),8570,11,2024,5,
STATSNZ:AGR_AGR_002(1.0),8600,18,2024,0,
STATSNZ:AGR_AGR_002(1.0),8700,1,2024,77,
STATSNZ:AGR_AGR_002(1.0),8700,18,2024,0,
STATSNZ:AGR_AGR_002(1.0),9135,16,2024,143,
STATSNZ:AGR_AGR_002(1.0),9135,20,2024,10358,
STATSNZ:AGR_AGR_002(1.0),9170,3,2024,2,
STATSNZ:AGR_AGR_002(1.0),8600,4,1994,22,
STATSNZ:AGR_AGR_002(1.0),9120,11,1994,52,
STATSNZ:AGR_AGR_002(1.0),8570,6,1994,71,
STATSNZ:AGR_AGR_002(1.0),8555,19,1994,844,
STATSNZ:AGR_AGR_002(1.0),8600,5,1994,1245,
STATSNZ:AGR_AGR_002(1.0),9135,3,1994,1827,
STATSNZ:AGR_AGR_002(1.0),8500,20,1994,15257,
STATSNZ:AGR_AGR_002(1.0),8500,10,2002,7334,
STATSNZ:AGR_AGR_002(1.0),8500,16,2002,802,
STATSNZ:AGR_AGR_002(1.0),8555,11,2002,579,
STATSNZ:AGR_AGR_002(1.0),8570,3,2002,167,
STATSNZ:AGR_AGR_002(1.0),9120,8,2002,335,
STATSNZ:AGR_AGR_002(1.0),9135,3,2002,2117,
STATSNZ:AGR_AGR_002(1.0),9135,4,2002,139,
STATSNZ:AGR_AGR_002(1.0),9170,15,2002,22,
STATSNZ:AGR_AGR_002(1.0),9170,20,2002,6560,
STATSNZ:AGR_AGR_002(1.0),8555,11,2003,633,
STATSNZ:AGR_AGR_002(1.0),8570,6,2003,29,
STATSNZ:AGR_AGR_002(1.0),9135,10,2003,5743,
STATSNZ:AGR_AGR_002(1.0),9135,16,2003,187,
STATSNZ:AGR_AGR_002(1.0),9170,20,2003,6804,
STATSNZ:AGR_AGR_002(1.0),8500,11,2005,2902,
STATSNZ:AGR_AGR_002(1.0),8500,19,2005,3904,
STATSNZ:AGR_AGR_002(1.0),8570,4,2005,1900,
STATSNZ:AGR_AGR_002(1.0),8600,16,2005,1380,
STATSNZ:AGR_AGR_002(1.0),8700,11,2005,122,
STATSNZ:AGR_AGR_002(1.0),9120,3,2005,1574,
STATSNZ:AGR_AGR_002(1.0),8500,6,2007,5206,
STATSNZ:AGR_AGR_002(1.0),8500,13,2007,25,
STATSNZ:AGR_AGR_002(1.0),8555,8,2007,138,
STATSNZ:AGR_AGR_002(1.0),8570,10,2007,3993,
STATSNZ:AGR_AGR_002(1.0),8600,11,2007,805,
STATSNZ:AGR_AGR_002(1.0),8600,16,2007,1642,
STATSNZ:AGR_AGR_002(1.0),8700,6,2007,317,
STATSNZ:AGR_AGR_002(1.0),9120,2,2007,1531,
STATSNZ:AGR_AGR_002(1.0),9135,10,2007,5476,
STATSNZ:AGR_AGR_002(1.0),8500,6,2009,5409,
STATSNZ:AGR_AGR_002(1.0),8570,1,2009,1544,
STATSNZ:AGR_AGR_002(1.0),9120,20,2009,4511,
STATSNZ:AGR_AGR_002(1.0),9135,15,2009,4336,
STATSNZ:AGR_AGR_002(1.0),9170,5,2009,1589,
STATSNZ:AGR_AGR_002(1.0),8500,4,2011,9,
STATSNZ:AGR_AGR_002(1.0),8500,5,2011,105,
STATSNZ:AGR_AGR_002(1.0),8555,10,2011,12504,
STATSNZ:AGR_AGR_002(1.0),8570,20,2011,3976,
STATSNZ:AGR_AGR_002(1.0),8600,19,2011,25723,
STATSNZ:AGR_AGR_002(1.0),8700,5,2011,2,
STATSNZ:AGR_AGR_002(1.0),9135,13,2011,5,
STATSNZ:AGR_AGR_002(1.0),9170,3,2011,121,
STATSNZ:AGR_AGR_002(1.0),8500,3,2012,141,
STATSNZ:AGR_AGR_002(1.0),8555,14,2012,0,
STATSNZ:AGR_AGR_002(1.0),8570,9,2012,16,
STATSNZ:AGR_AGR_002(1.0),8600,8,2012,8,
STATSNZ:AGR_AGR_002(1.0),8700,3,2012,55,
STATSNZ:AGR_AGR_002(1.0),8700,17,2012,0,
STATSNZ:AGR_AGR_002(1.0),9120,15,2012,1035,
STATSNZ:AGR_AGR_002(1.0),9120,16,2012,4,
STATSNZ:AGR_AGR_002(1.0),9135,11,2012,13,
STATSNZ:AGR_AGR_002(1.0),9135,19,2012,6136,
STATSNZ:AGR_AGR_002(1.0),8500,18,2014,0,
STATSNZ:AGR_AGR_002(1.0),8570,7,2014,48,
STATSNZ:AGR_AGR_002(1.0),8570,12,2014,0,
STATSNZ:AGR_AGR_002(1.0),8600,2,2014,722,
STATSNZ:AGR_AGR_002(1.0),8600,3,2014,,s
STATSNZ:AGR_AGR_002(1.0),8700,14,2014,0,
STATSNZ:AGR_AGR_002(1.0),8700,15,2014,196,
STATSNZ:AGR_AGR_002(1.0),9120,19,2014,792,
STATSNZ:AGR_AGR_002(1.0),9135,8,2014,1263,
STATSNZ:AGR_AGR_002(1.0),9170,17,2014,0,
STATSNZ:AGR_AGR_002(1.0),8500,15,2017,312,
STATSNZ:AGR_AGR_002(1.0),8500,19,2017,3187,
STATSNZ:AGR_AGR_002(1.0),8555,5,2017,282,
STATSNZ:AGR_AGR_002(1.0),8570,4,2017,1834,
STATSNZ:AGR_AGR_002(1.0),8570,18,2017,0,
STATSNZ:AGR_AGR_002(1.0),8600,13,2017,23051,
STATSNZ:AGR_AGR_002(1.0),8600,20,2017,33981,
STATSNZ:AGR_AGR_002(1.0),8700,11,2017,72,
STATSNZ:AGR_AGR_002(1.0),8700,12,2017,0,
STATSNZ:AGR_AGR_002(1.0),9120,7,2017,0,
STATSNZ:AGR_AGR_002(1.0),9135,18,2017,0,
STATSNZ:AGR_AGR_002(1.0),9170,14,2017,0,
STATSNZ:AGR_AGR_002(1.0),8500,9,2019,101,
STATSNZ:AGR_AGR_002(1.0),8555,4,2019,11791,
STATSNZ:AGR_AGR_002(1.0),8555,5,2019,323,
STATSNZ:AGR_AGR_002(1.0),8570,16,2019,12,
STATSNZ:AGR_AGR_002(1.0),8570,17,2019,0,
STATSNZ:AGR_AGR_002(1.0),8600,7,2019,,s
STATSNZ:AGR_AGR_002(1.0),8600,12,2019,15,
STATSNZ:AGR_AGR_002(1.0),9120,1,2019,2,
STATSNZ:AGR_AGR_002(1.0),9135,17,2019,,s
STATSNZ:AGR_AGR_002(1.0),9170,8,2019,14,
STATSNZ:AGR_AGR_002(1.0),9170,9,2019,11,
STATSNZ:AGR_AGR_002(1.0),8500,7,2020,7,
STATSNZ:AGR_AGR_002(1.0),8555,2,2020,657,
STATSNZ:AGR_AGR_002(1.0),8555,3,2020,771,
STATSNZ:AGR_AGR_002(1.0),8570,1,2020,2001,
STATSNZ:AGR_AGR_002(1.0),8570,15,2020,32,
STATSNZ:AGR_AGR_002(1.0),8600,19,2020,28997,
STATSNZ:AGR_AGR_002(1.0),9120,17,2020,0,
STATSNZ:AGR_AGR_002(1.0),9120,20,2020,5588,
STATSNZ:AGR_AGR_002(1.0),9170,6,2020,4754,
STATSNZ:AGR_AGR_002(1.0),9170,7,2020,0,
STATSNZ:AGR_AGR_002(1.0),8500,1,2022,10,
STATSNZ:AGR_AGR_002(1.0),8555,10,2022,14102,
STATSNZ:AGR_AGR_002(1.0),8555,14,2022,0,
STATSNZ:AGR_AGR_002(1.0),8570,9,2022,1,
STATSNZ:AGR_AGR_002(1.0),8700,3,2022,22,
STATSNZ:AGR_AGR_002(1.0),9120,14,2022,0,
STATSNZ:AGR_AGR_002(1.0),9120,15,2022,1062,
STATSNZ:AGR_AGR_002(1.0),9135,19,2022,4691,
STATSNZ:AGR_AGR_002(1.0),8500,20,2024,9522,
STATSNZ:AGR_AGR_002(1.0),8555,15,2024,40,
STATSNZ:AGR_AGR_002(1.0),8570,6,2024,,s
STATSNZ:AGR_AGR_002(1.0),8570,7,2024,2,
STATSNZ:AGR_AGR_002(1.0),8600,1,2024,,s
STATSNZ:AGR_AGR_002(1.0),8600,2,2024,338,
STATSNZ:AGR_AGR_002(1.0),8700,13,2024,32,
STATSNZ:AGR_AGR_002(1.0),8700,14,2024,0,
STATSNZ:AGR_AGR_002(1.0),9120,9,2024,,s
STATSNZ:AGR_AGR_002(1.0),9135,8,2024,896,
STATSNZ:AGR_AGR_002(1.0),9120,12,1994,1,
STATSNZ:AGR_AGR_002(1.0),8500,7,1994,21,
STATSNZ:AGR_AGR_002(1.0),9135,16,1994,260,
STATSNZ:AGR_AGR_002(1.0),9135,2,1994,1046,
STATSNZ:AGR_AGR_002(1.0),9170,6,1994,2047,
STATSNZ:AGR_AGR_002(1.0),8500,8,2002,44,
STATSNZ:AGR_AGR_002(1.0),8570,2,2002,175,
STATSNZ:AGR_AGR_002(1.0),8600,5,2002,1743,
STATSNZ:AGR_AGR_002(1.0),8600,6,2002,3835,
STATSNZ:AGR_AGR_002(1.0),8700,9,2002,272,
STATSNZ:AGR_AGR_002(1.0),8700,17,2002,13,
STATSNZ:AGR_AGR_002(1.0),8700,19,2002,1388,
STATSNZ:AGR_AGR_002(1.0),9120,13,2002,15,
STATSNZ:AGR_AGR_002(1.0),9135,17,2002,170,
STATSNZ:AGR_AGR_002(1.0),8500,13,2003,229,
STATSNZ:AGR_AGR_002(1.0),8500,20,2003,12150,
STATSNZ:AGR_AGR_002(1.0),8555,3,2003,787,
STATSNZ:AGR_AGR_002(1.0),8570,7,2003,49,
STATSNZ:AGR_AGR_002(1.0),8570,20,2003,3235,
STATSNZ:AGR_AGR_002(1.0),8600,11,2003,612,
STATSNZ:AGR_AGR_002(1.0),9135,8,2003,1994,
STATSNZ:AGR_AGR_002(1.0),8555,1,2005,520,
STATSNZ:AGR_AGR_002(1.0),8600,9,2005,829,
STATSNZ:AGR_AGR_002(1.0),9120,2,2005,1388,
STATSNZ:AGR_AGR_002(1.0),9135,6,2005,899,
STATSNZ:AGR_AGR_002(1.0),8500,5,2007,190,
STATSNZ:AGR_AGR_002(1.0),8570,20,2007,4004,
STATSNZ:AGR_AGR_002(1.0),8600,3,2007,133,
STATSNZ:AGR_AGR_002(1.0),9135,1,2007,31,
STATSNZ:AGR_AGR_002(1.0),9170,5,2007,2773,
STATSNZ:AGR_AGR_002(1.0),8570,10,2009,4104,
STATSNZ:AGR_AGR_002(1.0),8700,8,2009,37,
STATSNZ:AGR_AGR_002(1.0),9135,2,2009,1508,
STATSNZ:AGR_AGR_002(1.0),9170,6,2009,4191,
STATSNZ:AGR_AGR_002(1.0),8600,2,2011,551,
STATSNZ:AGR_AGR_002(1.0),8700,6,2011,273,
STATSNZ:AGR_AGR_002(1.0),9120,19,2011,849,
STATSNZ:AGR_AGR_002(1.0),9135,10,2011,4998,
STATSNZ:AGR_AGR_002(1.0),8500,2,2012,96,
STATSNZ:AGR_AGR_002(1.0),8500,16,2012,459,
STATSNZ:AGR_AGR_002(1.0),8555,6,2012,222,
STATSNZ:AGR_AGR_002(1.0),8570,17,2012,0,
STATSNZ:AGR_AGR_002(1.0),8570,19,2012,9,
STATSNZ:AGR_AGR_002(1.0),8600,10,2012,7949,
STATSNZ:AGR_AGR_002(1.0),8700,4,2012,42,
STATSNZ:AGR_AGR_002(1.0),9120,8,2012,392,
STATSNZ:AGR_AGR_002(1.0),9170,1,2012,,c
STATSNZ:AGR_AGR_002(1.0),9170,2,2012,,c
STATSNZ:AGR_AGR_002(1.0),9170,9,2012,,c
STATSNZ:AGR_AGR_002(1.0),8500,5,2014,87,
STATSNZ:AGR_AGR_002(1.0),8555,9,2014,,c
STATSNZ:AGR_AGR_002(1.0),8555,16,2014,,s
STATSNZ:AGR_AGR_002(1.0),8600,16,2014,1193,
STATSNZ:AGR_AGR_002(1.0),8600,19,2014,25249,
STATSNZ:AGR_AGR_002(1.0),9120,17,2014,,c
STATSNZ:AGR_AGR_002(1.0),9135,1,2014,,c
STATSNZ:AGR_AGR_002(1.0),9135,10,2014,4667,
STATSNZ:AGR_AGR_002(1.0),9170,4,2014,,c
STATSNZ:AGR_AGR_002(1.0),8500,2,2017,84,
STATSNZ:AGR_AGR_002(1.0),8555,6,2017,121,
STATSNZ:AGR_AGR_002(1.0),8555,13,2017,0,
STATSNZ:AGR_AGR_002(1.0),8570,17,2017,,s
STATSNZ:AGR_AGR_002(1.0),8600,10,2017,6976,
STATSNZ:AGR_AGR_002(1.0),8700,4,2017,26,
STATSNZ:AGR_AGR_002(1.0),9135,5,2017,,s
STATSNZ:AGR_AGR_002(1.0),9170,1,2017,8,
STATSNZ:AGR_AGR_002(1.0),9170,9,2017,1,
STATSNZ:AGR_AGR_002(1.0),8570,3,2019,75,
STATSNZ:AGR_AGR_002(1.0),8570,9,2019,8,
STATSNZ:AGR_AGR_002(1.0),8600,20,2019,35970,
STATSNZ:AGR_AGR_002(1.0),8700,3,2019,,s
STATSNZ:AGR_AGR_002(1.0),8700,19,2019,184,
STATSNZ:AGR_AGR_002(1.0),9120,14,2019,0,
STATSNZ:AGR_AGR_002(1.0),9135,18,2019,0,
STATSNZ:AGR_AGR_002(1.0),9135,19,2019,5666,
STATSNZ:AGR_AGR_002(1.0),8570,7,2020,17,
STATSNZ:AGR_AGR_002(1.0),8570,14,2020,0,
STATSNZ:AGR_AGR_002(1.0),8700,1,2020,138,
STATSNZ:AGR_AGR_002(1.0),8700,8,2020,,s
STATSNZ:AGR_AGR_002(1.0),9120,4,2020,1,
STATSNZ:AGR_AGR_002(1.0),9120,12,2020,0,
STATSNZ:AGR_AGR_002(1.0),9135,8,2020,,s
STATSNZ:AGR_AGR_002(1.0),9135,15,2020,5255,
STATSNZ:AGR_AGR_002(1.0),9135,16,2020,150,
STATSNZ:AGR_AGR_002(1.0),8500,2,2022,,s
STATSNZ:AGR_AGR_002(1.0),8500,9,2022,89,
STATSNZ:AGR_AGR_002(1.0),8555,13,2022,,s
STATSNZ:AGR_AGR_002(1.0),8570,17,2022,,s
STATSNZ:AGR_AGR_002(1.0),8600,7,2022,,s
STATSNZ:AGR_AGR_002(1.0),8600,10,2022,7172,
STATSNZ:AGR_AGR_002(1.0),9120,1,2022,6,
STATSNZ:AGR_AGR_002(1.0),9120,7,2022,,s
STATSNZ:AGR_AGR_002(1.0),9135,5,2022,79,
STATSNZ:AGR_AGR_002(1.0),9170,1,2022,10,
STATSNZ:AGR_AGR_002(1.0),9170,8,2022,0,
STATSNZ:AGR_AGR_002(1.0),8500,12,2024,0,
STATSNZ:AGR_AGR_002(1.0),8555,8,2024,213,
STATSNZ:AGR_AGR_002(1.0),8555,16,2024,0,
STATSNZ:AGR_AGR_002(1.0),8700,10,2024,441,
STATSNZ:AGR_AGR_002(1.0),9120,17,2024,0,
STATSNZ:AGR_AGR_002(1.0),9135,7,2024,,s
STATSNZ:AGR_AGR_002(1.0),9135,10,2024,3985,
STATSNZ:AGR_AGR_002(1.0),9170,11,2024,32,
STATSNZ:AGR_AGR_002(1.0),8570,15,1994,11,
STATSNZ:AGR_AGR_002(1.0),8500,8,1994,136,
STATSNZ:AGR_AGR_002(1.0),8555,5,1994,325,
STATSNZ:AGR_AGR_002(1.0),9170,5,1994,1593,
STATSNZ:AGR_AGR_002(1.0),8500,5,2002,280,
STATSNZ:AGR_AGR_002(1.0),8500,7,2002,9,
STATSNZ:AGR_AGR_002(1.0),8555,2,2002,581,
STATSNZ:AGR_AGR_002(1.0),8555,4,2002,8488,
STATSNZ:AGR_AGR_002(1.0),8570,1,2002,939,
STATSNZ:AGR_AGR_002(1.0),8570,20,2002,3106,
STATSNZ:AGR_AGR_002(1.0),8600,9,2002,801,
STATSNZ:AGR_AGR_002(1.0),8700,4,2002,96,
STATSNZ:AGR_AGR_002(1.0),9135,11,2002,44,
STATSNZ:AGR_AGR_002(1.0),9170,8,2002,685,
STATSNZ:AGR_AGR_002(1.0),9170,19,2002,26,
STATSNZ:AGR_AGR_002(1.0),8700,10,2003,1297,
STATSNZ:AGR_AGR_002(1.0),9170,4,2003,45,
STATSNZ:AGR_AGR_002(1.0),8500,5,2005,256,
STATSNZ:AGR_AGR_002(1.0),8570,5,2007,58,
STATSNZ:AGR_AGR_002(1.0),8600,2,2007,411,
STATSNZ:AGR_AGR_002(1.0),8700,20,2007,2173,
STATSNZ:AGR_AGR_002(1.0),9135,6,2007,491,
STATSNZ:AGR_AGR_002(1.0),9170,1,2007,25,
STATSNZ:AGR_AGR_002(1.0),8500,1,2009,46,
STATSNZ:AGR_AGR_002(1.0),8500,16,2009,572,
STATSNZ:AGR_AGR_002(1.0),8555,11,2009,635,
STATSNZ:AGR_AGR_002(1.0),8570,19,2009,13,
STATSNZ:AGR_AGR_002(1.0),8600,5,2009,2217,
STATSNZ:AGR_AGR_002(1.0),9135,1,2009,19,
STATSNZ:AGR_AGR_002(1.0),8500,12,2011,86,
STATSNZ:AGR_AGR_002(1.0),8500,16,2011,468,
STATSNZ:AGR_AGR_002(1.0),8555,11,2011,542,
STATSNZ:AGR_AGR_002(1.0),8570,6,2011,28,
STATSNZ:AGR_AGR_002(1.0),8600,3,2011,31,
STATSNZ:AGR_AGR_002(1.0),9135,20,2011,10724,
STATSNZ:AGR_AGR_002(1.0),8500,12,2012,,c
STATSNZ:AGR_AGR_002(1.0),8500,14,2012,,c
STATSNZ:AGR_AGR_002(1.0),8500,19,2012,3224,
STATSNZ:AGR_AGR_002(1.0),8555,7,2012,0,
STATSNZ:AGR_AGR_002(1.0),8555,9,2012,,c
STATSNZ:AGR_AGR_002(1.0),8570,4,2012,2081,
STATSNZ:AGR_AGR_002(1.0),8570,6,2012,28,
STATSNZ:AGR_AGR_002(1.0),8600,1,2012,82,
STATSNZ:AGR_AGR_002(1.0),8600,16,2012,1577,
STATSNZ:AGR_AGR_002(1.0),8600,18,2012,0,
STATSNZ:AGR_AGR_002(1.0),8700,11,2012,129,
STATSNZ:AGR_AGR_002(1.0),8555,1,2014,447.2,
STATSNZ:AGR_AGR_002(1.0),9120,2,2014,1449,
STATSNZ:AGR_AGR_002(1.0),9135,12,2014,0,
STATSNZ:AGR_AGR_002(1.0),9135,14,2014,0,
STATSNZ:AGR_AGR_002(1.0),9170,7,2014,0,
STATSNZ:AGR_AGR_002(1.0),9170,9,2014,,c
STATSNZ:AGR_AGR_002(1.0),8500,3,2017,144,
STATSNZ:AGR_AGR_002(1.0),8500,5,2017,186,
STATSNZ:AGR_AGR_002(1.0),8555,10,2017,11218,
STATSNZ:AGR_AGR_002(1.0),8555,17,2017,,s
STATSNZ:AGR_AGR_002(1.0),8570,12,2017,,s
STATSNZ:AGR_AGR_002(1.0),8570,14,2017,0,
STATSNZ:AGR_AGR_002(1.0),8500,10,2019,6519,
STATSNZ:AGR_AGR_002(1.0),8555,12,2019,,s
STATSNZ:AGR_AGR_002(1.0),8555,19,2019,461,
STATSNZ:AGR_AGR_002(1.0),8570,5,2019,46,
STATSNZ:AGR_AGR_002(1.0),8570,7,2019,26,
STATSNZ:AGR_AGR_002(1.0),8600,2,2019,300,
STATSNZ:AGR_AGR_002(1.0),8600,4,2019,34,
STATSNZ:AGR_AGR_002(1.0),8600,10,2019,6281,
STATSNZ:AGR_AGR_002(1.0),8700,14,2019,0,
STATSNZ:AGR_AGR_002(1.0),8700,16,2019,15,
STATSNZ:AGR_AGR_002(1.0),8700,20,2019,889,
STATSNZ:AGR_AGR_002(1.0),9120,9,2019,,s
STATSNZ:AGR_AGR_002(1.0),9120,11,2019,78,
STATSNZ:AGR_AGR_002(1.0),9120,13,2019,59,
STATSNZ:AGR_AGR_002(1.0),9135,4,2019,0,
STATSNZ:AGR_AGR_002(1.0),9135,6,2019,72,
STATSNZ:AGR_AGR_002(1.0),9135,8,2019,,s
STATSNZ:AGR_AGR_002(1.0),9170,1,2019,9,
STATSNZ:AGR_AGR_002(1.0),9170,16,2019,0,
STATSNZ:AGR_AGR_002(1.0),8555,19,2020,608,
STATSNZ:AGR_AGR_002(1.0),8570,3,2020,101,
STATSNZ:AGR_AGR_002(1.0),8570,5,2020,48,
STATSNZ:AGR_AGR_002(1.0),8600,10,2020,6579,
STATSNZ:AGR_AGR_002(1.0),8600,17,2020,,s
STATSNZ:AGR_AGR_002(1.0),8700,12,2020,0,
STATSNZ:AGR_AGR_002(1.0),8700,14,2020,0,
STATSNZ:AGR_AGR_002(1.0),9120,7,2020,0,
STATSNZ:AGR_AGR_002(1.0),9120,9,2020,6,
STATSNZ:AGR_AGR_002(1.0),9120,11,2020,57,
STATSNZ:AGR_AGR_002(1.0),9135,2,2020,1937,
STATSNZ:AGR_AGR_002(1.0),9135,4,2020,9,
STATSNZ:AGR_AGR_002(1.0),9135,6,2020,85,
STATSNZ:AGR_AGR_002(1.0),9170,1,2020,6,
STATSNZ:AGR_AGR_002(1.0),9170,20,2020,7070,
STATSNZ:AGR_AGR_002(1.0),8500,11,2022,2207,
STATSNZ:AGR_AGR_002(1.0),8500,13,2022,16,
STATSNZ:AGR_AGR_002(1.0),8500,15,2022,129,
STATSNZ:AGR_AGR_002(1.0),8555,8,2022,132,
STATSNZ:AGR_AGR_002(1.0),8570,18,2022,0,
STATSNZ:AGR_AGR_002(1.0),8600,15,2022,1347,
STATSNZ:AGR_AGR_002(1.0),8600,7,2024,7,
STATSNZ:AGR_AGR_002(1.0),8600,9,2024,1080,
STATSNZ:AGR_AGR_002(1.0),8700,2,2024,119,
STATSNZ:AGR_AGR_002(1.0),8700,4,2024,,s
STATSNZ:AGR_AGR_002(1.0),8700,6,2024,,s
STATSNZ:AGR_AGR_002(1.0),9120,1,2024,,s
STATSNZ:AGR_AGR_002(1.0),9120,16,2024,0,
STATSNZ:AGR_AGR_002(1.0),9120,20,2024,5923,
STATSNZ:AGR_AGR_002(1.0),9135,13,2024,0,
STATSNZ:AGR_AGR_002(1.0),9170,8,2024,56,
STATSNZ:AGR_AGR_002(1.0),9170,19,2024,52,
STATSNZ:AGR_AGR_002(1.0),8570,2,1994,68,
STATSNZ:AGR_AGR_002(1.0),8555,9,1994,83,
STATSNZ:AGR_AGR_002(1.0),9170,15,1994,208,
STATSNZ:AGR_AGR_002(1.0),8600,20,1994,7160,
STATSNZ:AGR_AGR_002(1.0),8500,3,2002,335,
STATSNZ:AGR_AGR_002(1.0),8555,10,2002,11206,
STATSNZ:AGR_AGR_002(1.0),8570,19,2002,26,
STATSNZ:AGR_AGR_002(1.0),8600,11,2002,532,
STATSNZ:AGR_AGR_002(1.0),8700,8,2002,52,
STATSNZ:AGR_AGR_002(1.0),9120,5,2002,22,
STATSNZ:AGR_AGR_002(1.0),9135,15,2002,4495,
STATSNZ:AGR_AGR_002(1.0),8500,11,2003,3270,
STATSNZ:AGR_AGR_002(1.0),8555,4,2003,8979,
STATSNZ:AGR_AGR_002(1.0),8555,8,2003,138,
STATSNZ:AGR_AGR_002(1.0),8570,1,2003,1013,
STATSNZ:AGR_AGR_002(1.0),8700,13,2003,391,
STATSNZ:AGR_AGR_002(1.0),9120,19,2003,1154,
STATSNZ:AGR_AGR_002(1.0),9135,3,2003,2164,
STATSNZ:AGR_AGR_002(1.0),9135,7,2003,37,
STATSNZ:AGR_AGR_002(1.0),9170,10,2003,6786,
STATSNZ:AGR_AGR_002(1.0),8500,9,2005,179,
STATSNZ:AGR_AGR_002(1.0),8555,2,2005,441,
STATSNZ:AGR_AGR_002(1.0),8555,6,2005,220,
STATSNZ:AGR_AGR_002(1.0),8570,20,2005,3400,
STATSNZ:AGR_AGR_002(1.0),9120,8,2005,222,
STATSNZ:AGR_AGR_002(1.0),9135,1,2005,11,
STATSNZ:AGR_AGR_002(1.0),9135,15,2005,4562,
STATSNZ:AGR_AGR_002(1.0),8600,15,2007,1683,
STATSNZ:AGR_AGR_002(1.0),9135,2,2007,1316,
STATSNZ:AGR_AGR_002(1.0),9170,20,2007,7774,
STATSNZ:AGR_AGR_002(1.0),8500,5,2009,116,
STATSNZ:AGR_AGR_002(1.0),9170,11,2009,11,
STATSNZ:AGR_AGR_002(1.0),8500,3,2011,162,
STATSNZ:AGR_AGR_002(1.0),8500,20,2011,8995,
STATSNZ:AGR_AGR_002(1.0),8700,15,2011,340,
STATSNZ:AGR_AGR_002(1.0),8500,1,2012,17,
STATSNZ:AGR_AGR_002(1.0),8555,11,2012,497,
STATSNZ:AGR_AGR_002(1.0),8570,8,2012,22,
STATSNZ:AGR_AGR_002(1.0),8600,5,2012,1685,
STATSNZ:AGR_AGR_002(1.0),8700,13,2012,134,
STATSNZ:AGR_AGR_002(1.0),9120,19,2012,1108,
STATSNZ:AGR_AGR_002(1.0),9170,7,2012,,c
STATSNZ:AGR_AGR_002(1.0),9170,17,2012,0,
STATSNZ:AGR_AGR_002(1.0),8500,4,2014,13,
STATSNZ:AGR_AGR_002(1.0),8500,14,2014,0,
STATSNZ:AGR_AGR_002(1.0),8555,11,2014,433,
STATSNZ:AGR_AGR_002(1.0),8555,14,2014,0,
STATSNZ:AGR_AGR_002(1.0),8570,11,2014,8,
STATSNZ:AGR_AGR_002(1.0),8600,8,2014,,c
STATSNZ:AGR_AGR_002(1.0),8600,18,2014,0,
STATSNZ:AGR_AGR_002(1.0),8700,1,2014,150,
STATSNZ:AGR_AGR_002(1.0),8700,5,2014,0,
STATSNZ:AGR_AGR_002(1.0),9120,15,2014,715,
STATSNZ:AGR_AGR_002(1.0),9135,20,2014,9163,
STATSNZ:AGR_AGR_002(1.0),8500,7,2017,3,
STATSNZ:AGR_AGR_002(1.0),8500,18,2017,0,
STATSNZ:AGR_AGR_002(1.0),8555,4,2017,9227,
STATSNZ:AGR_AGR_002(1.0),8555,15,2017,,s
STATSNZ:AGR_AGR_002(1.0),8570,1,2017,1647,
STATSNZ:AGR_AGR_002(1.0),8600,9,2017,832,
STATSNZ:AGR_AGR_002(1.0),8700,6,2017,120,
STATSNZ:AGR_AGR_002(1.0),9120,6,2017,963,
STATSNZ:AGR_AGR_002(1.0),9120,16,2017,0,
STATSNZ:AGR_AGR_002(1.0),9135,3,2017,1280,
STATSNZ:AGR_AGR_002(1.0),9135,13,2017,1,
STATSNZ:AGR_AGR_002(1.0),9170,10,2017,5707,
STATSNZ:AGR_AGR_002(1.0),9170,19,2017,88,
STATSNZ:AGR_AGR_002(1.0),8500,13,2019,20,
STATSNZ:AGR_AGR_002(1.0),8570,18,2019,0,
STATSNZ:AGR_AGR_002(1.0),8600,15,2019,1449,
STATSNZ:AGR_AGR_002(1.0),8700,1,2019,133,
STATSNZ:AGR_AGR_002(1.0),8700,12,2019,,s
STATSNZ:AGR_AGR_002(1.0),9170,3,2019,6,
STATSNZ:AGR_AGR_002(1.0),8500,11,2020,2204,
STATSNZ:AGR_AGR_002(1.0),8555,8,2020,,s
STATSNZ:AGR_AGR_002(1.0),8570,16,2020,8,
STATSNZ:AGR_AGR_002(1.0),8600,2,2020,225,
STATSNZ:AGR_AGR_002(1.0),8600,13,2020,25463,
STATSNZ:AGR_AGR_002(1.0),8700,19,2020,176,
STATSNZ:AGR_AGR_002(1.0),8700,20,2020,858,
STATSNZ:AGR_AGR_002(1.0),9135,17,2020,133,
STATSNZ:AGR_AGR_002(1.0),9170,14,2020,0,
STATSNZ:AGR_AGR_002(1.0),9170,18,2020,0,
STATSNZ:AGR_AGR_002(1.0),8500,10,2022,6997,
STATSNZ:AGR_AGR_002(1.0),8570,5,2022,75,
STATSNZ:AGR_AGR_002(1.0),8600,2,2022,722,
STATSNZ:AGR_AGR_002(1.0),8700,2,2022,145,
STATSNZ:AGR_AGR_002(1.0),8700,12,2022,9,
STATSNZ:AGR_AGR_002(1.0),8700,16,2022,8,
STATSNZ:AGR_AGR_002(1.0),9120,9,2022,5,
STATSNZ:AGR_AGR_002(1.0),9120,20,2022,4884,
STATSNZ:AGR_AGR_002(1.0),9135,6,2022,108,
STATSNZ:AGR_AGR_002(1.0),9170,6,2022,3322,
STATSNZ:AGR_AGR_002(1.0),8500,3,2024,72,
STATSNZ:AGR_AGR_002(1.0),8500,13,2024,41,
STATSNZ:AGR_AGR_002(1.0),8555,10,2024,14011,
STATSNZ:AGR_AGR_002(1.0),8700,15,2024,69,
STATSNZ:AGR_AGR_002(1.0),9120,12,2024,0,
STATSNZ:AGR_AGR_002(1.0),9135,9,2024,7,
STATSNZ:AGR_AGR_002(1.0),9170,6,2024,3159,
STATSNZ:AGR_AGR_002(1.0),9170,16,1994,2,
STATSNZ:AGR_AGR_002(1.0),9120,9,1994,14,
STATSNZ:AGR_AGR_002(1.0),9135,5,1994,35,
STATSNZ:AGR_AGR_002(1.0),8570,5,1994,47,
STATSNZ:AGR_AGR_002(1.0),9135,4,1994,71,
STATSNZ:AGR_AGR_002(1.0),9120,8,1994,95,
STATSNZ:AGR_AGR_002(1.0),8600,2,1994,278,
STATSNZ:AGR_AGR_002(1.0),9135,6,1994,324,
STATSNZ:AGR_AGR_002(1.0),9170,1,1994,952,
STATSNZ:AGR_AGR_002(1.0),9120,19,1994,1055,
STATSNZ:AGR_AGR_002(1.0),8600,10,1994,3638,
STATSNZ:AGR_AGR_002(1.0),9135,20,2002,11082,
STATSNZ:AGR_AGR_002(1.0),8555,7,2003,39,
STATSNZ:AGR_AGR_002(1.0),8570,2,2003,138,
STATSNZ:AGR_AGR_002(1.0),8570,3,2003,111,
STATSNZ:AGR_AGR_002(1.0),8570,4,2003,1802,
STATSNZ:AGR_AGR_002(1.0),8600,1,2003,53,
STATSNZ:AGR_AGR_002(1.0),8600,13,2003,9072,
STATSNZ:AGR_AGR_002(1.0),8600,20,2003,19646,
STATSNZ:AGR_AGR_002(1.0),8700,11,2003,150,
STATSNZ:AGR_AGR_002(1.0),8700,19,2003,1435,
STATSNZ:AGR_AGR_002(1.0),8555,5,2005,272,
STATSNZ:AGR_AGR_002(1.0),8570,10,2005,3372,
STATSNZ:AGR_AGR_002(1.0),8600,11,2005,725,
STATSNZ:AGR_AGR_002(1.0),8600,13,2005,13442,
STATSNZ:AGR_AGR_002(1.0),8600,20,2005,24793,
STATSNZ:AGR_AGR_002(1.0),8700,9,2005,284,
STATSNZ:AGR_AGR_002(1.0),8700,19,2005,1015,
STATSNZ:AGR_AGR_002(1.0),9135,2,2005,897,
STATSNZ:AGR_AGR_002(1.0),9135,16,2005,72,
STATSNZ:AGR_AGR_002(1.0),8500,8,2007,35,
STATSNZ:AGR_AGR_002(1.0),8500,9,2007,127,
STATSNZ:AGR_AGR_002(1.0),8500,19,2007,3244,
STATSNZ:AGR_AGR_002(1.0),8555,5,2007,284,
STATSNZ:AGR_AGR_002(1.0),8555,6,2007,220,
STATSNZ:AGR_AGR_002(1.0),8570,1,2007,1325,
STATSNZ:AGR_AGR_002(1.0),8570,2,2007,130,
STATSNZ:AGR_AGR_002(1.0),8600,13,2007,17169,
STATSNZ:AGR_AGR_002(1.0),8700,9,2007,254,
STATSNZ:AGR_AGR_002(1.0),8700,11,2007,148,
STATSNZ:AGR_AGR_002(1.0),9135,17,2007,63,
STATSNZ:AGR_AGR_002(1.0),8555,1,2009,600,
STATSNZ:AGR_AGR_002(1.0),8600,9,2009,924,
STATSNZ:AGR_AGR_002(1.0),8700,4,2009,114,
STATSNZ:AGR_AGR_002(1.0),8700,5,2009,18,
STATSNZ:AGR_AGR_002(1.0),8700,6,2009,282,
STATSNZ:AGR_AGR_002(1.0),9120,2,2009,1818,
STATSNZ:AGR_AGR_002(1.0),9120,10,2009,3809,
STATSNZ:AGR_AGR_002(1.0),8555,20,2011,13066,
STATSNZ:AGR_AGR_002(1.0),8700,2,2011,244,
STATSNZ:AGR_AGR_002(1.0),8700,3,2011,59,
STATSNZ:AGR_AGR_002(1.0),9120,10,2011,4293,
STATSNZ:AGR_AGR_002(1.0),9120,20,2011,5142,
STATSNZ:AGR_AGR_002(1.0),9135,9,2011,17,
STATSNZ:AGR_AGR_002(1.0),9135,11,2011,7,
STATSNZ:AGR_AGR_002(1.0),9170,6,2011,3152,
STATSNZ:AGR_AGR_002(1.0),9170,8,2011,88,
STATSNZ:AGR_AGR_002(1.0),8700,1,2012,201,
STATSNZ:AGR_AGR_002(1.0),8700,2,2012,250,
STATSNZ:AGR_AGR_002(1.0),8700,10,2012,1132,
STATSNZ:AGR_AGR_002(1.0),9120,12,2012,,c
STATSNZ:AGR_AGR_002(1.0),9135,7,2012,23,
STATSNZ:AGR_AGR_002(1.0),9135,9,2012,19,
STATSNZ:AGR_AGR_002(1.0),9170,4,2012,,c
STATSNZ:AGR_AGR_002(1.0),9170,6,2012,3248,
STATSNZ:AGR_AGR_002(1.0),9170,18,2012,0,
STATSNZ:AGR_AGR_002(1.0),8500,1,2014,25,
STATSNZ:AGR_AGR_002(1.0),8500,2,2014,142,
STATSNZ:AGR_AGR_002(1.0),8500,10,2014,5410,
STATSNZ:AGR_AGR_002(1.0),8500,16,2014,482,
STATSNZ:AGR_AGR_002(1.0),8500,17,2014,0,
STATSNZ:AGR_AGR_002(1.0),8555,12,2014,,c
STATSNZ:AGR_AGR_002(1.0),8555,13,2014,,c
STATSNZ:AGR_AGR_002(1.0),8570,8,2014,,c
STATSNZ:AGR_AGR_002(1.0),8570,9,2014,,c
STATSNZ:AGR_AGR_002(1.0),8570,19,2014,11,
STATSNZ:AGR_AGR_002(1.0),8600,5,2014,1759,
STATSNZ:AGR_AGR_002(1.0),8700,16,2014,25,
STATSNZ:AGR_AGR_002(1.0),8700,18,2014,0,
STATSNZ:AGR_AGR_002(1.0),9120,13,2014,0,
STATSNZ:AGR_AGR_002(1.0),8700,8,2017,34,
STATSNZ:AGR_AGR_002(1.0),9120,3,2017,1733,
STATSNZ:AGR_AGR_002(1.0),9120,5,2017,,s
STATSNZ:AGR_AGR_002(1.0),9135,2,2017,2242,
STATSNZ:AGR_AGR_002(1.0),9135,10,2017,4772,
STATSNZ:AGR_AGR_002(1.0),9135,14,2017,0,
STATSNZ:AGR_AGR_002(1.0),9135,16,2017,196,
STATSNZ:AGR_AGR_002(1.0),9170,11,2017,1,
STATSNZ:AGR_AGR_002(1.0),9170,12,2017,0,
STATSNZ:AGR_AGR_002(1.0),9170,13,2017,0,
STATSNZ:AGR_AGR_002(1.0),8500,11,2019,2424,
STATSNZ:AGR_AGR_002(1.0),9170,5,2019,2282,
STATSNZ:AGR_AGR_002(1.0),8500,9,2020,110,
STATSNZ:AGR_AGR_002(1.0),9170,3,2020,12,
STATSNZ:AGR_AGR_002(1.0),8600,4,2022,,s
STATSNZ:AGR_AGR_002(1.0),8700,1,2022,83,
STATSNZ:AGR_AGR_002(1.0),8700,10,2022,566,
STATSNZ:AGR_AGR_002(1.0),8700,15,2022,71,
STATSNZ:AGR_AGR_002(1.0),8700,20,2022,693,
STATSNZ:AGR_AGR_002(1.0),9120,12,2022,0,
STATSNZ:AGR_AGR_002(1.0),9120,19,2022,1140,
STATSNZ:AGR_AGR_002(1.0),9135,7,2022,,s
STATSNZ:AGR_AGR_002(1.0),9135,8,2022,830,
STATSNZ:AGR_AGR_002(1.0),9135,9,2022,6,
STATSNZ:AGR_AGR_002(1.0),9170,4,2022,2,
STATSNZ:AGR_AGR_002(1.0),9170,18,2022,0,
STATSNZ:AGR_AGR_002(1.0),8500,1,2024,12,
STATSNZ:AGR_AGR_002(1.0),8500,2,2024,,s
STATSNZ:AGR_AGR_002(1.0),8500,10,2024,6559,
STATSNZ:AGR_AGR_002(1.0),8500,16,2024,437,
STATSNZ:AGR_AGR_002(1.0),8555,11,2024,417,
STATSNZ:AGR_AGR_002(1.0),8555,12,2024,,s
STATSNZ:AGR_AGR_002(1.0),8555,13,2024,5,
STATSNZ:AGR_AGR_002(1.0),8570,8,2024,2,
STATSNZ:AGR_AGR_002(1.0),8570,19,2024,17,
STATSNZ:AGR_AGR_002(1.0),8600,5,2024,1322,
STATSNZ:AGR_AGR_002(1.0),8700,16,2024,19,
STATSNZ:AGR_AGR_002(1.0),8600,1,1994,27,
STATSNZ:AGR_AGR_002(1.0),8555,7,1994,60,
STATSNZ:AGR_AGR_002(1.0),8600,15,1994,319,
STATSNZ:AGR_AGR_002(1.0),8570,4,1994,774,
STATSNZ:AGR_AGR_002(1.0),9170,2,1994,781,
STATSNZ:AGR_AGR_002(1.0),9170,3,1994,926,
STATSNZ:AGR_AGR_002(1.0),8500,19,1994,6844,
STATSNZ:AGR_AGR_002(1.0),8555,16,2002,15,
STATSNZ:AGR_AGR_002(1.0),8700,6,2002,251,
STATSNZ:AGR_AGR_002(1.0),9120,3,2002,2103,
STATSNZ:AGR_AGR_002(1.0),9135,10,2002,6171,
STATSNZ:AGR_AGR_002(1.0),9170,11,2002,4,
STATSNZ:AGR_AGR_002(1.0),8500,9,2003,249,
STATSNZ:AGR_AGR_002(1.0),8500,19,2003,4562,
STATSNZ:AGR_AGR_002(1.0),8555,6,2003,267,
STATSNZ:AGR_AGR_002(1.0),8600,10,2003,7796,
STATSNZ:AGR_AGR_002(1.0),9120,8,2003,532,
STATSNZ:AGR_AGR_002(1.0),9135,5,2003,4,
STATSNZ:AGR_AGR_002(1.0),9170,1,2003,102,
STATSNZ:AGR_AGR_002(1.0),9170,2,2003,328,
STATSNZ:AGR_AGR_002(1.0),8500,8,2005,40,
STATSNZ:AGR_AGR_002(1.0),8555,4,2005,9100,
STATSNZ:AGR_AGR_002(1.0),8570,1,2005,1001,
STATSNZ:AGR_AGR_002(1.0),8600,12,2005,28,
STATSNZ:AGR_AGR_002(1.0),9120,6,2005,767,
STATSNZ:AGR_AGR_002(1.0),9135,3,2005,2267,
STATSNZ:AGR_AGR_002(1.0),9170,10,2005,6721,
STATSNZ:AGR_AGR_002(1.0),9170,20,2005,6981,
STATSNZ:AGR_AGR_002(1.0),8570,3,2007,144,
STATSNZ:AGR_AGR_002(1.0),8600,10,2007,8303,
STATSNZ:AGR_AGR_002(1.0),8600,20,2007,29616,
STATSNZ:AGR_AGR_002(1.0),8700,19,2007,891,
STATSNZ:AGR_AGR_002(1.0),8500,3,2009,223,
STATSNZ:AGR_AGR_002(1.0),8555,10,2009,12652,
STATSNZ:AGR_AGR_002(1.0),8570,11,2009,11,
STATSNZ:AGR_AGR_002(1.0),8600,8,2009,15,
STATSNZ:AGR_AGR_002(1.0),9120,15,2009,672,
STATSNZ:AGR_AGR_002(1.0),9135,20,2009,11398,
STATSNZ:AGR_AGR_002(1.0),8500,1,2011,29,
STATSNZ:AGR_AGR_002(1.0),8570,9,2011,30,
STATSNZ:AGR_AGR_002(1.0),8600,5,2011,1807,
STATSNZ:AGR_AGR_002(1.0),8600,6,2011,4810,
STATSNZ:AGR_AGR_002(1.0),9135,19,2011,5727,
STATSNZ:AGR_AGR_002(1.0),8500,20,2012,8845,
STATSNZ:AGR_AGR_002(1.0),8555,19,2012,501,
STATSNZ:AGR_AGR_002(1.0),8570,7,2012,62,
STATSNZ:AGR_AGR_002(1.0),8600,3,2012,26,
STATSNZ:AGR_AGR_002(1.0),8600,4,2012,,c
STATSNZ:AGR_AGR_002(1.0),8700,14,2012,0,
STATSNZ:AGR_AGR_002(1.0),8700,15,2012,240,
STATSNZ:AGR_AGR_002(1.0),9120,11,2012,55,
STATSNZ:AGR_AGR_002(1.0),9135,8,2012,1260,
STATSNZ:AGR_AGR_002(1.0),9170,5,2012,2406,
STATSNZ:AGR_AGR_002(1.0),8500,15,2014,,c
STATSNZ:AGR_AGR_002(1.0),8555,20,2014,10979,
STATSNZ:AGR_AGR_002(1.0),8600,6,2014,4856,
STATSNZ:AGR_AGR_002(1.0),8600,7,2014,0,
STATSNZ:AGR_AGR_002(1.0),8700,3,2014,49,
STATSNZ:AGR_AGR_002(1.0),8700,17,2014,0,
STATSNZ:AGR_AGR_002(1.0),9120,10,2014,4275,
STATSNZ:AGR_AGR_002(1.0),9120,14,2014,0,
STATSNZ:AGR_AGR_002(1.0),9135,11,2014,10,
STATSNZ:AGR_AGR_002(1.0),9135,19,2014,4497,
STATSNZ:AGR_AGR_002(1.0),9170,8,2014,,s
STATSNZ:AGR_AGR_002(1.0),8500,6,2017,4746,
STATSNZ:AGR_AGR_002(1.0),8555,2,2017,494,
STATSNZ:AGR_AGR_002(1.0),8555,3,2017,412,
STATSNZ:AGR_AGR_002(1.0),8570,10,2017,3964,
STATSNZ:AGR_AGR_002(1.0),8570,20,2017,3979,
STATSNZ:AGR_AGR_002(1.0),8600,11,2017,980,
STATSNZ:AGR_AGR_002(1.0),8600,19,2017,27005,
STATSNZ:AGR_AGR_002(1.0),8700,7,2017,,s
STATSNZ:AGR_AGR_002(1.0),9120,4,2017,0,
STATSNZ:AGR_AGR_002(1.0),9120,18,2017,0,
STATSNZ:AGR_AGR_002(1.0),9135,1,2017,8,
STATSNZ:AGR_AGR_002(1.0),9135,15,2017,4332,
STATSNZ:AGR_AGR_002(1.0),8500,12,2019,,s
STATSNZ:AGR_AGR_002(1.0),8555,8,2019,221,
STATSNZ:AGR_AGR_002(1.0),8555,9,2019,56,
STATSNZ:AGR_AGR_002(1.0),8570,6,2019,,s
STATSNZ:AGR_AGR_002(1.0),8600,16,2019,1251,
STATSNZ:AGR_AGR_002(1.0),8600,17,2019,,s
STATSNZ:AGR_AGR_002(1.0),8700,10,2019,704,
STATSNZ:AGR_AGR_002(1.0),9135,7,2019,41,
STATSNZ:AGR_AGR_002(1.0),9170,4,2019,0,
STATSNZ:AGR_AGR_002(1.0),9170,18,2019,0,
STATSNZ:AGR_AGR_002(1.0),8500,19,2020,2924,
STATSNZ:AGR_AGR_002(1.0),8555,6,2020,166,
STATSNZ:AGR_AGR_002(1.0),8555,7,2020,,s
STATSNZ:AGR_AGR_002(1.0),8570,17,2020,,s
STATSNZ:AGR_AGR_002(1.0),8570,18,2020,0,
STATSNZ:AGR_AGR_002(1.0),8600,14,2020,0,
STATSNZ:AGR_AGR_002(1.0),8600,15,2020,1432,
STATSNZ:AGR_AGR_002(1.0),8700,11,2020,49,
STATSNZ:AGR_AGR_002(1.0),9135,5,2020,,s
STATSNZ:AGR_AGR_002(1.0),9170,2,2020,19,
STATSNZ:AGR_AGR_002(1.0),9170,16,2020,0,
STATSNZ:AGR_AGR_002(1.0),8500,20,2022,9811,
STATSNZ:AGR_AGR_002(1.0),8555,19,2022,583,
STATSNZ:AGR_AGR_002(1.0),8570,6,2022,37,
STATSNZ:AGR_AGR_002(1.0),8570,7,2022,7,
STATSNZ:AGR_AGR_002(1.0),8600,3,2022,23,
STATSNZ:AGR_AGR_002(1.0),8600,17,2022,,s
STATSNZ:AGR_AGR_002(1.0),8700,14,2022,0,
STATSNZ:AGR_AGR_002(1.0),9120,11,2022,46,
STATSNZ:AGR_AGR_002(1.0),9170,5,2022,1421,
STATSNZ:AGR_AGR_002(1.0),8500,15,2024,,s
STATSNZ:AGR_AGR_002(1.0),8555,20,2024,14514,
STATSNZ:AGR_AGR_002(1.0),8570,9,2024,0,
STATSNZ:AGR_AGR_002(1.0),8600,6,2024,3816,
STATSNZ:AGR_AGR_002(1.0),8700,3,2024,,s
STATSNZ:AGR_AGR_002(1.0),8700,17,2024,0,
STATSNZ:AGR_AGR_002(1.0),9120,13,2024,42,
STATSNZ:AGR_AGR_002(1.0),9120,14,2024,0,
STATSNZ:AGR_AGR_002(1.0),9135,11,2024,2,
STATSNZ:AGR_AGR_002(1.0),9135,19,2024,6372,
STATSNZ:AGR_AGR_002(1.0),9120,1,1994,38,
STATSNZ:AGR_AGR_002(1.0),9135,13,1994,275,
STATSNZ:AGR_AGR_002(1.0),8500,9,1994,299,
STATSNZ:AGR_AGR_002(1.0),9170,8,1994,305,
STATSNZ:AGR_AGR_002(1.0),8570,20,1994,1375,
STATSNZ:AGR_AGR_002(1.0),8555,4,1994,8101,
STATSNZ:AGR_AGR_002(1.0),8500,6,2002,5919,
STATSNZ:AGR_AGR_002(1.0),8555,1,2002,605,
STATSNZ:AGR_AGR_002(1.0),8600,12,2002,33,
STATSNZ:AGR_AGR_002(1.0),8700,3,2002,107,
STATSNZ:AGR_AGR_002(1.0),8700,7,2002,12,
STATSNZ:AGR_AGR_002(1.0),9120,2,2002,1621,
STATSNZ:AGR_AGR_002(1.0),9170,5,2002,2427,
STATSNZ:AGR_AGR_002(1.0),9120,15,2003,1109,
STATSNZ:AGR_AGR_002(1.0),9135,19,2003,5188,
STATSNZ:AGR_AGR_002(1.0),9170,5,2003,2447,
STATSNZ:AGR_AGR_002(1.0),8570,11,2005,10,
STATSNZ:AGR_AGR_002(1.0),8600,6,2005,4487,
STATSNZ:AGR_AGR_002(1.0),9120,13,2005,25,
STATSNZ:AGR_AGR_002(1.0),9135,8,2005,1873,
STATSNZ:AGR_AGR_002(1.0),8500,3,2007,228,
STATSNZ:AGR_AGR_002(1.0),8500,20,2007,9247,
STATSNZ:AGR_AGR_002(1.0),8570,19,2007,11,
STATSNZ:AGR_AGR_002(1.0),8600,5,2007,1812,
STATSNZ:AGR_AGR_002(1.0),8700,13,2007,240,
STATSNZ:AGR_AGR_002(1.0),9120,8,2007,319,
STATSNZ:AGR_AGR_002(1.0),9135,3,2007,2022,
STATSNZ:AGR_AGR_002(1.0),9135,7,2007,18,
STATSNZ:AGR_AGR_002(1.0),9170,2,2007,251,
STATSNZ:AGR_AGR_002(1.0),8500,10,2009,6055,
STATSNZ:AGR_AGR_002(1.0),8570,7,2009,59,
STATSNZ:AGR_AGR_002(1.0),8600,2,2009,392,
STATSNZ:AGR_AGR_002(1.0),9120,9,2009,11,
STATSNZ:AGR_AGR_002(1.0),9170,20,2009,6825,
STATSNZ:AGR_AGR_002(1.0),8500,15,2011,217,
STATSNZ:AGR_AGR_002(1.0),8555,19,2011,562,
STATSNZ:AGR_AGR_002(1.0),8570,5,2011,65,
STATSNZ:AGR_AGR_002(1.0),8600,10,2011,8337,
STATSNZ:AGR_AGR_002(1.0),9135,2,2011,1049,
STATSNZ:AGR_AGR_002(1.0),9135,6,2011,419,
STATSNZ:AGR_AGR_002(1.0),9170,1,2011,5,
STATSNZ:AGR_AGR_002(1.0),8500,13,2012,18,
STATSNZ:AGR_AGR_002(1.0),8555,8,2012,,c
STATSNZ:AGR_AGR_002(1.0),8570,3,2012,176,
STATSNZ:AGR_AGR_002(1.0),8600,15,2012,1550,
STATSNZ:AGR_AGR_002(1.0),8700,19,2012,525,
STATSNZ:AGR_AGR_002(1.0),9120,5,2012,,c
STATSNZ:AGR_AGR_002(1.0),9135,10,2012,5442,
STATSNZ:AGR_AGR_002(1.0),9170,20,2012,6837,
STATSNZ:AGR_AGR_002(1.0),8500,11,2014,2366,
STATSNZ:AGR_AGR_002(1.0),8555,6,2014,250,
STATSNZ:AGR_AGR_002(1.0),8570,1,2014,1450,
STATSNZ:AGR_AGR_002(1.0),8600,9,2014,865,
STATSNZ:AGR_AGR_002(1.0),8700,4,2014,,c
STATSNZ:AGR_AGR_002(1.0),8700,8,2014,38,
STATSNZ:AGR_AGR_002(1.0),9120,3,2014,1605,
STATSNZ:AGR_AGR_002(1.0),9120,20,2014,5067,
STATSNZ:AGR_AGR_002(1.0),9135,15,2014,4253,
STATSNZ:AGR_AGR_002(1.0),9170,19,2014,,c
STATSNZ:AGR_AGR_002(1.0),8500,17,2017,,s
STATSNZ:AGR_AGR_002(1.0),8555,16,2017,,s
STATSNZ:AGR_AGR_002(1.0),8555,20,2017,11705,
STATSNZ:AGR_AGR_002(1.0),8570,11,2017,8,
STATSNZ:AGR_AGR_002(1.0),8600,6,2017,3616,
STATSNZ:AGR_AGR_002(1.0),8700,1,2017,118,
STATSNZ:AGR_AGR_002(1.0),8700,18,2017,0,
STATSNZ:AGR_AGR_002(1.0),9120,13,2017,33,
STATSNZ:AGR_AGR_002(1.0),9120,17,2017,0,
STATSNZ:AGR_AGR_002(1.0),9170,3,2017,84,
STATSNZ:AGR_AGR_002(1.0),8500,16,2019,545,
STATSNZ:AGR_AGR_002(1.0),8500,20,2019,9761,
STATSNZ:AGR_AGR_002(1.0),8555,11,2019,454,
STATSNZ:AGR_AGR_002(1.0),8555,15,2019,,s
STATSNZ:AGR_AGR_002(1.0),8570,19,2019,35,
STATSNZ:AGR_AGR_002(1.0),8600,5,2019,1230,
STATSNZ:AGR_AGR_002(1.0),8700,13,2019,38,
STATSNZ:AGR_AGR_002(1.0),9120,8,2019,143,
STATSNZ:AGR_AGR_002(1.0),9135,3,2019,1688,
STATSNZ:AGR_AGR_002(1.0),9170,2,2019,113,
STATSNZ:AGR_AGR_002(1.0),8500,14,2020,0,
STATSNZ:AGR_AGR_002(1.0),8500,18,2020,0,
STATSNZ:AGR_AGR_002(1.0),8555,9,2020,53,
STATSNZ:AGR_AGR_002(1.0),8555,13,2020,0,
STATSNZ:AGR_AGR_002(1.0),8570,4,2020,2197,
STATSNZ:AGR_AGR_002(1.0),8570,8,2020,1,
STATSNZ:AGR_AGR_002(1.0),8600,3,2020,20,
STATSNZ:AGR_AGR_002(1.0),9120,6,2020,868,
STATSNZ:AGR_AGR_002(1.0),9135,1,2020,83,
STATSNZ:AGR_AGR_002(1.0),9135,18,2020,0,
STATSNZ:AGR_AGR_002(1.0),9170,13,2020,1,
STATSNZ:AGR_AGR_002(1.0),9170,17,2020,0,
STATSNZ:AGR_AGR_002(1.0),8500,12,2022,0,
STATSNZ:AGR_AGR_002(1.0),8555,7,2022,23,
STATSNZ:AGR_AGR_002(1.0),8570,2,2022,598,
STATSNZ:AGR_AGR_002(1.0),8600,14,2022,,s
STATSNZ:AGR_AGR_002(1.0),8600,18,2022,0,
STATSNZ:AGR_AGR_002(1.0),8700,9,2022,169,
STATSNZ:AGR_AGR_002(1.0),9135,16,2022,266,
STATSNZ:AGR_AGR_002(1.0),9135,20,2022,8424,
STATSNZ:AGR_AGR_002(1.0),9170,11,2022,17,
STATSNZ:AGR_AGR_002(1.0),8500,6,2024,5554,
STATSNZ:AGR_AGR_002(1.0),8555,1,2024,595,
STATSNZ:AGR_AGR_002(1.0),8555,18,2024,0,
STATSNZ:AGR_AGR_002(1.0),8570,10,2024,4320,
STATSNZ:AGR_AGR_002(1.0),8570,17,2024,0,
STATSNZ:AGR_AGR_002(1.0),8600,12,2024,,s
STATSNZ:AGR_AGR_002(1.0),8700,7,2024,0,
STATSNZ:AGR_AGR_002(1.0),9120,2,2024,1924,
STATSNZ:AGR_AGR_002(1.0),9170,5,2024,1390,
STATSNZ:AGR_AGR_002(1.0),9170,9,2024,,s
STATSNZ:AGR_AGR_002(1.0),8570,3,1994,36,
STATSNZ:AGR_AGR_002(1.0),9135,17,1994,215,
STATSNZ:AGR_AGR_002(1.0),8500,5,1994,249,
STATSNZ:AGR_AGR_002(1.0),8555,8,1994,317,
STATSNZ:AGR_AGR_002(1.0),9170,4,1994,525,
STATSNZ:AGR_AGR_002(1.0),9135,10,1994,6164,
STATSNZ:AGR_AGR_002(1.0),8500,19,2002,4384,
STATSNZ:AGR_AGR_002(1.0),8570,10,2002,3080,
STATSNZ:AGR_AGR_002(1.0),8600,4,2002,10,
STATSNZ:AGR_AGR_002(1.0),8700,11,2002,168,
STATSNZ:AGR_AGR_002(1.0),9120,15,2002,992,
STATSNZ:AGR_AGR_002(1.0),9170,9,2002,39,
STATSNZ:AGR_AGR_002(1.0),8555,1,2003,601,
STATSNZ:AGR_AGR_002(1.0),8555,5,2003,268,
STATSNZ:AGR_AGR_002(1.0),8570,5,2003,61,
STATSNZ:AGR_AGR_002(1.0),8700,16,2003,32,
STATSNZ:AGR_AGR_002(1.0),8700,20,2003,2732,
STATSNZ:AGR_AGR_002(1.0),9120,2,2003,1471,
STATSNZ:AGR_AGR_002(1.0),9135,6,2003,585,
STATSNZ:AGR_AGR_002(1.0),8555,3,2005,614,
STATSNZ:AGR_AGR_002(1.0),8555,20,2005,12071,
STATSNZ:AGR_AGR_002(1.0),8600,19,2005,16906,
STATSNZ:AGR_AGR_002(1.0),9120,10,2005,4131,
STATSNZ:AGR_AGR_002(1.0),8500,7,2007,1,
STATSNZ:AGR_AGR_002(1.0),8555,11,2007,614,
STATSNZ:AGR_AGR_002(1.0),8600,1,2007,121,
STATSNZ:AGR_AGR_002(1.0),9120,20,2007,4594,
STATSNZ:AGR_AGR_002(1.0),9135,16,2007,168,
STATSNZ:AGR_AGR_002(1.0),9135,20,2007,10050,
STATSNZ:AGR_AGR_002(1.0),9170,6,2007,3117,
STATSNZ:AGR_AGR_002(1.0),8555,8,2009,141,
STATSNZ:AGR_AGR_002(1.0),8555,20,2009,13287,
STATSNZ:AGR_AGR_002(1.0),8600,6,2009,5328,
STATSNZ:AGR_AGR_002(1.0),8700,19,2009,730,
STATSNZ:AGR_AGR_002(1.0),9135,10,2009,6704,
STATSNZ:AGR_AGR_002(1.0),8500,2,2011,144,
STATSNZ:AGR_AGR_002(1.0),8555,6,2011,205,
STATSNZ:AGR_AGR_002(1.0),8700,8,2011,44,
STATSNZ:AGR_AGR_002(1.0),9120,15,2011,812,
STATSNZ:AGR_AGR_002(1.0),9135,15,2011,5197,
STATSNZ:AGR_AGR_002(1.0),8500,10,2012,5621,
STATSNZ:AGR_AGR_002(1.0),8555,4,2012,9912,
STATSNZ:AGR_AGR_002(1.0),8555,12,2012,,c
STATSNZ:AGR_AGR_002(1.0),8570,16,2012,,c
STATSNZ:AGR_AGR_002(1.0),8600,2,2012,300,
STATSNZ:AGR_AGR_002(1.0),8700,6,2012,321,
STATSNZ:AGR_AGR_002(1.0),9120,9,2012,,c
STATSNZ:AGR_AGR_002(1.0),9120,13,2012,,c
STATSNZ:AGR_AGR_002(1.0),9135,13,2012,2,
STATSNZ:AGR_AGR_002(1.0),9135,17,2012,210,
STATSNZ:AGR_AGR_002(1.0),8500,3,2014,135,
STATSNZ:AGR_AGR_002(1.0),8500,7,2014,,c
STATSNZ:AGR_AGR_002(1.0),8570,14,2014,0,
STATSNZ:AGR_AGR_002(1.0),8570,18,2014,0,
STATSNZ:AGR_AGR_002(1.0),8700,12,2014,0,
STATSNZ:AGR_AGR_002(1.0),9120,12,2014,,c
STATSNZ:AGR_AGR_002(1.0),9120,16,2014,,c
STATSNZ:AGR_AGR_002(1.0),9135,2,2014,1185,
STATSNZ:AGR_AGR_002(1.0),9170,6,2014,3257,
STATSNZ:AGR_AGR_002(1.0),8500,4,2017,67,
STATSNZ:AGR_AGR_002(1.0),8500,8,2017,,s
STATSNZ:AGR_AGR_002(1.0),8500,10,2017,5428,
STATSNZ:AGR_AGR_002(1.0),8555,12,2017,,s
STATSNZ:AGR_AGR_002(1.0),8570,15,2017,,s
STATSNZ:AGR_AGR_002(1.0),8600,2,2017,836,
STATSNZ:AGR_AGR_002(1.0),8700,5,2017,,s
STATSNZ:AGR_AGR_002(1.0),8700,9,2017,181,
STATSNZ:AGR_AGR_002(1.0),9120,9,2017,1,
STATSNZ:AGR_AGR_002(1.0),9170,7,2017,0,
STATSNZ:AGR_AGR_002(1.0),9170,20,2017,5794,
STATSNZ:AGR_AGR_002(1.0),8500,3,2019,110,
STATSNZ:AGR_AGR_002(1.0),8500,7,2019,3,
STATSNZ:AGR_AGR_002(1.0),8555,7,2019,2,
STATSNZ:AGR_AGR_002(1.0),8570,14,2019,0,
STATSNZ:AGR_AGR_002(1.0),8600,1,2019,58,
STATSNZ:AGR_AGR_002(1.0),8600,18,2019,0,
STATSNZ:AGR_AGR_002(1.0),9120,12,2019,0,
STATSNZ:AGR_AGR_002(1.0),9120,16,2019,2,
STATSNZ:AGR_AGR_002(1.0),9135,16,2019,140,
STATSNZ:AGR_AGR_002(1.0),9135,20,2019,10317,
STATSNZ:AGR_AGR_002(1.0),9170,6,2019,4306,
STATSNZ:AGR_AGR_002(1.0),8500,1,2020,,s
STATSNZ:AGR_AGR_002(1.0),8555,5,2020,384,
STATSNZ:AGR_AGR_002(1.0),8570,12,2020,2,
STATSNZ:AGR_AGR_002(1.0),8600,16,2020,1211,
STATSNZ:AGR_AGR_002(1.0),8600,20,2020,35576,
STATSNZ:AGR_AGR_002(1.0),9120,14,2020,0,
STATSNZ:AGR_AGR_002(1.0),9120,19,2020,1266,
STATSNZ:AGR_AGR_002(1.0),9135,14,2020,0,
STATSNZ:AGR_AGR_002(1.0),9170,4,2020,0,
STATSNZ:AGR_AGR_002(1.0),9170,10,2020,7001,
STATSNZ:AGR_AGR_002(1.0),8500,4,2022,120,
STATSNZ:AGR_AGR_002(1.0),8500,8,2022,22,
STATSNZ:AGR_AGR_002(1.0),8555,11,2022,391,
STATSNZ:AGR_AGR_002(1.0),8570,15,2022,14,
STATSNZ:AGR_AGR_002(1.0),8600,1,2022,,s
STATSNZ:AGR_AGR_002(1.0),8600,5,2022,1229,
STATSNZ:AGR_AGR_002(1.0),8700,5,2022,4,
STATSNZ:AGR_AGR_002(1.0),8700,13,2022,16,
STATSNZ:AGR_AGR_002(1.0),9135,3,2022,1228,
STATSNZ:AGR_AGR_002(1.0),9170,7,2022,0,
STATSNZ:AGR_AGR_002(1.0),8500,14,2024,0,
STATSNZ:AGR_AGR_002(1.0),8500,19,2024,2964,
STATSNZ:AGR_AGR_002(1.0),8555,14,2024,0,
STATSNZ:AGR_AGR_002(1.0),8570,4,2024,1897,
STATSNZ:AGR_AGR_002(1.0),8600,4,2024,38,
STATSNZ:AGR_AGR_002(1.0),8600,8,2024,189,
STATSNZ:AGR_AGR_002(1.0),8700,11,2024,63,
STATSNZ:AGR_AGR_002(1.0),9120,15,2024,2170,
STATSNZ:AGR_AGR_002(1.0),9170,13,2024,0,
STATSNZ:AGR_AGR_002(1.0),8570,7,1994,24,
STATSNZ:AGR_AGR_002(1.0),9120,13,1994,37,
STATSNZ:AGR_AGR_002(1.0),8500,1,1994,118,
STATSNZ:AGR_AGR_002(1.0),8600,3,1994,131,
STATSNZ:AGR_AGR_002(1.0),9120,6,1994,131,
STATSNZ:AGR_AGR_002(1.0),9135,8,1994,2628,
STATSNZ:AGR_AGR_002(1.0),9170,10,1994,7139,
STATSNZ:AGR_AGR_002(1.0),8500,10,1994,8413,
STATSNZ:AGR_AGR_002(1.0),8500,2,2002,209,
STATSNZ:AGR_AGR_002(1.0),8600,10,2002,7412,
STATSNZ:AGR_AGR_002(1.0),9120,6,2002,363,
STATSNZ:AGR_AGR_002(1.0),9135,2,2002,852,
STATSNZ:AGR_AGR_002(1.0),9170,1,2002,104,
STATSNZ:AGR_AGR_002(1.0),8555,9,2003,13,
STATSNZ:AGR_AGR_002(1.0),8600,16,2003,1247,
STATSNZ:AGR_AGR_002(1.0),9120,6,2003,537,
STATSNZ:AGR_AGR_002(1.0),9135,2,2003,758,
STATSNZ:AGR_AGR_002(1.0),8500,12,2005,89,
STATSNZ:AGR_AGR_002(1.0),8600,15,2005,1331,
STATSNZ:AGR_AGR_002(1.0),9135,10,2005,6016,
STATSNZ:AGR_AGR_002(1.0),9135,20,2005,10850,
STATSNZ:AGR_AGR_002(1.0),8500,11,2007,2438,
STATSNZ:AGR_AGR_002(1.0),8555,3,2007,753,
STATSNZ:AGR_AGR_002(1.0),8600,9,2007,860,
STATSNZ:AGR_AGR_002(1.0),9120,3,2007,1477,
STATSNZ:AGR_AGR_002(1.0),9135,15,2007,4273,
STATSNZ:AGR_AGR_002(1.0),8500,8,2009,24,
STATSNZ:AGR_AGR_002(1.0),8555,3,2009,786,
STATSNZ:AGR_AGR_002(1.0),8555,4,2009,10216,
STATSNZ:AGR_AGR_002(1.0),8570,20,2009,4117,
STATSNZ:AGR_AGR_002(1.0),8600,11,2009,1120,
STATSNZ:AGR_AGR_002(1.0),8600,19,2009,24362,
STATSNZ:AGR_AGR_002(1.0),8700,2,2009,227,
STATSNZ:AGR_AGR_002(1.0),8500,6,2011,5135,
STATSNZ:AGR_AGR_002(1.0),8555,1,2011,510,
STATSNZ:AGR_AGR_002(1.0),8555,2,2011,435,
STATSNZ:AGR_AGR_002(1.0),8600,9,2011,849,
STATSNZ:AGR_AGR_002(1.0),8700,10,2011,1130,
STATSNZ:AGR_AGR_002(1.0),9120,2,2011,1463,
STATSNZ:AGR_AGR_002(1.0),9170,5,2011,2300,
STATSNZ:AGR_AGR_002(1.0),8500,4,2012,5,
STATSNZ:AGR_AGR_002(1.0),8555,10,2012,12256,
STATSNZ:AGR_AGR_002(1.0),8555,20,2012,12757,
STATSNZ:AGR_AGR_002(1.0),8570,11,2012,7,
STATSNZ:AGR_AGR_002(1.0),8600,6,2012,4936,
STATSNZ:AGR_AGR_002(1.0),9120,10,2012,4610,
STATSNZ:AGR_AGR_002(1.0),9120,14,2012,0,
STATSNZ:AGR_AGR_002(1.0),9170,3,2012,,c
STATSNZ:AGR_AGR_002(1.0),8500,20,2014,8417,
STATSNZ:AGR_AGR_002(1.0),8555,15,2014,,s
STATSNZ:AGR_AGR_002(1.0),8555,19,2014,558,
STATSNZ:AGR_AGR_002(1.0),8570,5,2014,59,
STATSNZ:AGR_AGR_002(1.0),8600,4,2014,,c
STATSNZ:AGR_AGR_002(1.0),8700,13,2014,129,
STATSNZ:AGR_AGR_002(1.0),8700,20,2014,1325,
STATSNZ:AGR_AGR_002(1.0),9120,11,2014,36,
STATSNZ:AGR_AGR_002(1.0),9135,6,2014,268,
STATSNZ:AGR_AGR_002(1.0),9135,7,2014,15,
STATSNZ:AGR_AGR_002(1.0),9170,18,2014,0,
STATSNZ:AGR_AGR_002(1.0),8555,7,2017,,s
STATSNZ:AGR_AGR_002(1.0),8570,2,2017,281,
STATSNZ:AGR_AGR_002(1.0),8570,16,2017,,s
STATSNZ:AGR_AGR_002(1.0),8600,14,2017,,s
STATSNZ:AGR_AGR_002(1.0),8600,15,2017,1769,
STATSNZ:AGR_AGR_002(1.0),8700,19,2017,274,
STATSNZ:AGR_AGR_002(1.0),9135,17,2017,140,
STATSNZ:AGR_AGR_002(1.0),9135,20,2017,9450,
STATSNZ:AGR_AGR_002(1.0),8500,8,2019,,s
STATSNZ:AGR_AGR_002(1.0),8555,6,2019,147,
STATSNZ:AGR_AGR_002(1.0),8570,1,2019,1821,
STATSNZ:AGR_AGR_002(1.0),8570,15,2019,,s
STATSNZ:AGR_AGR_002(1.0),8600,14,2019,,s
STATSNZ:AGR_AGR_002(1.0),8700,4,2019,,s
STATSNZ:AGR_AGR_002(1.0),8700,9,2019,166,
STATSNZ:AGR_AGR_002(1.0),9120,20,2019,5920,
STATSNZ:AGR_AGR_002(1.0),9135,12,2019,0,
STATSNZ:AGR_AGR_002(1.0),9170,7,2019,0,
STATSNZ:AGR_AGR_002(1.0),8500,5,2020,310,
STATSNZ:AGR_AGR_002(1.0),8500,6,2020,6186,
STATSNZ:AGR_AGR_002(1.0),8555,4,2020,12091,
STATSNZ:AGR_AGR_002(1.0),8555,18,2020,0,
STATSNZ:AGR_AGR_002(1.0),8570,13,2020,0,
STATSNZ:AGR_AGR_002(1.0),8570,20,2020,4869,
STATSNZ:AGR_AGR_002(1.0),8600,12,2020,42,
STATSNZ:AGR_AGR_002(1.0),8700,2,2020,130,
STATSNZ:AGR_AGR_002(1.0),8700,7,2020,0,
STATSNZ:AGR_AGR_002(1.0),9120,18,2020,0,
STATSNZ:AGR_AGR_002(1.0),9170,5,2020,2148,
STATSNZ:AGR_AGR_002(1.0),8500,3,2022,62,
STATSNZ:AGR_AGR_002(1.0),8500,17,2022,,s
STATSNZ:AGR_AGR_002(1.0),8555,12,2022,,s
STATSNZ:AGR_AGR_002(1.0),8570,11,2022,2,
STATSNZ:AGR_AGR_002(1.0),8570,19,2022,,s
STATSNZ:AGR_AGR_002(1.0),8600,6,2022,3436,
STATSNZ:AGR_AGR_002(1.0),8700,17,2022,0,
STATSNZ:AGR_AGR_002(1.0),8700,18,2022,0,
STATSNZ:AGR_AGR_002(1.0),9120,13,2022,22,
STATSNZ:AGR_AGR_002(1.0),9170,2,2022,16,
STATSNZ:AGR_AGR_002(1.0),9170,3,2022,1,
STATSNZ:AGR_AGR_002(1.0),8500,18,2024,0,
STATSNZ:AGR_AGR_002(1.0),8555,19,2024,503,
STATSNZ:AGR_AGR_002(1.0),8570,5,2024,63,
STATSNZ:AGR_AGR_002(1.0),8600,3,2024,157,
STATSNZ:AGR_AGR_002(1.0),8600,17,2024,17,
STATSNZ:AGR_AGR_002(1.0),8700,20,2024,623,
STATSNZ:AGR_AGR_002(1.0),9120,11,2024,36,
STATSNZ:AGR_AGR_002(1.0),9120,19,2024,2248,
STATSNZ:AGR_AGR_002(1.0),9135,1,2024,68,
STATSNZ:AGR_AGR_002(1.0),9135,6,2024,91,
STATSNZ:AGR_AGR_002(1.0),9170,17,2024,0,
STATSNZ:AGR_AGR_002(1.0),9120,5,1994,44,
STATSNZ:AGR_AGR_002(1.0),9135,9,1994,94,
STATSNZ:AGR_AGR_002(1.0),9170,13,1994,153,
STATSNZ:AGR_AGR_002(1.0),9170,20,1994,7509,
STATSNZ:AGR_AGR_002(1.0),8500,1,2002,71,
STATSNZ:AGR_AGR_002(1.0),8500,15,2002,343,
STATSNZ:AGR_AGR_002(1.0),8555,5,2002,295,
STATSNZ:AGR_AGR_002(1.0),8600,13,2002,7521,
STATSNZ:AGR_AGR_002(1.0),8600,20,2002,17300,
STATSNZ:AGR_AGR_002(1.0),8700,16,2002,69,
STATSNZ:AGR_AGR_002(1.0),9135,19,2002,4910,
STATSNZ:AGR_AGR_002(1.0),9170,10,2002,6534,
STATSNZ:AGR_AGR_002(1.0),8500,6,2003,6396,
STATSNZ:AGR_AGR_002(1.0),8555,19,2003,664,
STATSNZ:AGR_AGR_002(1.0),8570,10,2003,3216,
STATSNZ:AGR_AGR_002(1.0),8600,3,2003,164,
STATSNZ:AGR_AGR_002(1.0),8700,7,2003,10,
STATSNZ:AGR_AGR_002(1.0),8700,15,2003,832,
STATSNZ:AGR_AGR_002(1.0),9120,11,2003,23,
STATSNZ:AGR_AGR_002(1.0),9135,15,2003,4792,
STATSNZ:AGR_AGR_002(1.0),8600,1,2005,72,
STATSNZ:AGR_AGR_002(1.0),8600,2,2005,603,
STATSNZ:AGR_AGR_002(1.0),8700,6,2005,376,
STATSNZ:AGR_AGR_002(1.0),8700,13,2005,322,
STATSNZ:AGR_AGR_002(1.0),8555,2,2007,309,
STATSNZ:AGR_AGR_002(1.0),8570,6,2007,31,
STATSNZ:AGR_AGR_002(1.0),8600,19,2007,21313,
STATSNZ:AGR_AGR_002(1.0),8700,10,2007,1283,
STATSNZ:AGR_AGR_002(1.0),8500,13,2009,34,
STATSNZ:AGR_AGR_002(1.0),8700,1,2009,265,
STATSNZ:AGR_AGR_002(1.0),9135,16,2009,139,
STATSNZ:AGR_AGR_002(1.0),8500,11,2011,2447,
STATSNZ:AGR_AGR_002(1.0),8600,16,2011,1773,
STATSNZ:AGR_AGR_002(1.0),8700,13,2011,150,
STATSNZ:AGR_AGR_002(1.0),8700,20,2011,1792,
STATSNZ:AGR_AGR_002(1.0),9120,3,2011,1687,
STATSNZ:AGR_AGR_002(1.0),8500,9,2012,,c
STATSNZ:AGR_AGR_002(1.0),8500,17,2012,,c
STATSNZ:AGR_AGR_002(1.0),8555,13,2012,,c
STATSNZ:AGR_AGR_002(1.0),8600,7,2012,,c
STATSNZ:AGR_AGR_002(1.0),8600,14,2012,0,
STATSNZ:AGR_AGR_002(1.0),8700,18,2012,0,
STATSNZ:AGR_AGR_002(1.0),9120,1,2012,,c
STATSNZ:AGR_AGR_002(1.0),9135,4,2012,,c
STATSNZ:AGR_AGR_002(1.0),9135,5,2012,,c
STATSNZ:AGR_AGR_002(1.0),9135,12,2012,,c
STATSNZ:AGR_AGR_002(1.0),9170,8,2012,241,
STATSNZ:AGR_AGR_002(1.0),9170,16,2012,,c
STATSNZ:AGR_AGR_002(1.0),8500,12,2014,0,
STATSNZ:AGR_AGR_002(1.0),8555,2,2014,356.5,
STATSNZ:AGR_AGR_002(1.0),8570,6,2014,50,
STATSNZ:AGR_AGR_002(1.0),8570,13,2014,,c
STATSNZ:AGR_AGR_002(1.0),8600,17,2014,,c
STATSNZ:AGR_AGR_002(1.0),8700,10,2014,867,
STATSNZ:AGR_AGR_002(1.0),9170,5,2014,2070,
STATSNZ:AGR_AGR_002(1.0),9170,11,2014,14,
STATSNZ:AGR_AGR_002(1.0),8500,9,2017,102,
STATSNZ:AGR_AGR_002(1.0),8500,16,2017,427,
STATSNZ:AGR_AGR_002(1.0),8570,3,2017,101,
STATSNZ:AGR_AGR_002(1.0),8570,19,2017,15,
STATSNZ:AGR_AGR_002(1.0),8600,7,2017,,s
STATSNZ:AGR_AGR_002(1.0),9120,1,2017,2,
STATSNZ:AGR_AGR_002(1.0),9120,8,2017,281,
STATSNZ:AGR_AGR_002(1.0),9120,10,2017,4900,
STATSNZ:AGR_AGR_002(1.0),9135,4,2017,0,
STATSNZ:AGR_AGR_002(1.0),9135,12,2017,0,
STATSNZ:AGR_AGR_002(1.0),9170,8,2017,6,
STATSNZ:AGR_AGR_002(1.0),9170,15,2017,87,
STATSNZ:AGR_AGR_002(1.0),9170,16,2017,0,
STATSNZ:AGR_AGR_002(1.0),8500,15,2019,254,
STATSNZ:AGR_AGR_002(1.0),8555,20,2019,14922,
STATSNZ:AGR_AGR_002(1.0),8570,2,2019,458,
STATSNZ:AGR_AGR_002(1.0),8600,6,2019,3774,
STATSNZ:AGR_AGR_002(1.0),8600,13,2019,26091,
STATSNZ:AGR_AGR_002(1.0),8700,17,2019,0,
STATSNZ:AGR_AGR_002(1.0),9120,7,2019,,s
STATSNZ:AGR_AGR_002(1.0),9120,10,2019,4377,
STATSNZ:AGR_AGR_002(1.0),9135,11,2019,7,
STATSNZ:AGR_AGR_002(1.0),9170,14,2019,0,
STATSNZ:AGR_AGR_002(1.0),9170,15,2019,25,
STATSNZ:AGR_AGR_002(1.0),8500,13,2020,18,
STATSNZ:AGR_AGR_002(1.0),8555,17,2020,,s
STATSNZ:AGR_AGR_002(1.0),8570,10,2020,4825,
STATSNZ:AGR_AGR_002(1.0),8600,4,2020,45,
STATSNZ:AGR_AGR_002(1.0),8600,11,2020,847,
STATSNZ:AGR_AGR_002(1.0),8700,15,2020,75,
STATSNZ:AGR_AGR_002(1.0),9120,5,2020,0,
STATSNZ:AGR_AGR_002(1.0),9135,9,2020,,s
STATSNZ:AGR_AGR_002(1.0),9170,12,2020,0,
STATSNZ:AGR_AGR_002(1.0),8500,16,2022,383,
STATSNZ:AGR_AGR_002(1.0),8555,6,2022,131,
STATSNZ:AGR_AGR_002(1.0),8555,20,2022,14686,
STATSNZ:AGR_AGR_002(1.0),8570,3,2022,115,
STATSNZ:AGR_AGR_002(1.0),8700,4,2022,5,
STATSNZ:AGR_AGR_002(1.0),9120,8,2022,151,
STATSNZ:AGR_AGR_002(1.0),9120,10,2022,3744,
STATSNZ:AGR_AGR_002(1.0),9135,4,2022,,s
STATSNZ:AGR_AGR_002(1.0),9135,11,2022,7,
STATSNZ:AGR_AGR_002(1.0),9135,12,2022,,s
STATSNZ:AGR_AGR_002(1.0),9170,15,2022,6,
STATSNZ:AGR_AGR_002(1.0),9170,16,2022,0,
STATSNZ:AGR_AGR_002(1.0),8500,5,2024,464,
STATSNZ:AGR_AGR_002(1.0),8555,9,2024,87,
STATSNZ:AGR_AGR_002(1.0),8570,12,2024,0,
STATSNZ:AGR_AGR_002(1.0),8570,13,2024,0,
STATSNZ:AGR_AGR_002(1.0),8600,16,2024,,s
STATSNZ:AGR_AGR_002(1.0),9120,3,2024,990,
STATSNZ:AGR_AGR_002(1.0),9135,14,2024,0,
STATSNZ:AGR_AGR_002(1.0),9170,4,2024,,s
STATSNZ:AGR_AGR_002(1.0),9170,18,2024,0,
STATSNZ:AGR_AGR_002(1.0),9135,12,1994,9,
STATSNZ:AGR_AGR_002(1.0),9120,4,1994,11,
STATSNZ:AGR_AGR_002(1.0),9170,9,1994,11,
STATSNZ:AGR_AGR_002(1.0),8555,1,1994,715,
STATSNZ:AGR_AGR_002(1.0),8555,3,1994,783,
STATSNZ:AGR_AGR_002(1.0),8570,10,1994,1354,
STATSNZ:AGR_AGR_002(1.0),9120,2,1994,1723,
STATSNZ:AGR_AGR_002(1.0),8600,19,1994,3522,
STATSNZ:AGR_AGR_002(1.0),8500,6,1994,6179,
STATSNZ:AGR_AGR_002(1.0),8500,9,2002,329,
STATSNZ:AGR_AGR_002(1.0),8700,2,2002,276,
STATSNZ:AGR_AGR_002(1.0),9120,20,2002,5621,
STATSNZ:AGR_AGR_002(1.0),9170,6,2002,2795,
STATSNZ:AGR_AGR_002(1.0),8500,3,2003,276,
STATSNZ:AGR_AGR_002(1.0),8500,5,2003,260,
STATSNZ:AGR_AGR_002(1.0),8555,2,2003,515,
STATSNZ:AGR_AGR_002(1.0),8555,10,2003,11607,
STATSNZ:AGR_AGR_002(1.0),8700,2,2003,290,
STATSNZ:AGR_AGR_002(1.0),9135,11,2003,49,
STATSNZ:AGR_AGR_002(1.0),9170,6,2003,2924,
STATSNZ:AGR_AGR_002(1.0),8500,3,2005,343,
STATSNZ:AGR_AGR_002(1.0),8555,10,2005,11316,
STATSNZ:AGR_AGR_002(1.0),8570,19,2005,28,
STATSNZ:AGR_AGR_002(1.0),8700,10,2005,1418,
STATSNZ:AGR_AGR_002(1.0),8700,15,2005,514,
STATSNZ:AGR_AGR_002(1.0),9120,19,2005,800,
STATSNZ:AGR_AGR_002(1.0),8500,2,2007,179,
STATSNZ:AGR_AGR_002(1.0),8555,19,2007,618,
STATSNZ:AGR_AGR_002(1.0),8570,7,2007,68,
STATSNZ:AGR_AGR_002(1.0),8570,9,2007,8,
STATSNZ:AGR_AGR_002(1.0),8600,4,2007,25,
STATSNZ:AGR_AGR_002(1.0),8700,1,2007,231,
STATSNZ:AGR_AGR_002(1.0),8700,16,2007,44,
STATSNZ:AGR_AGR_002(1.0),9120,11,2007,26,
STATSNZ:AGR_AGR_002(1.0),9120,15,2007,686,
STATSNZ:AGR_AGR_002(1.0),9135,8,2007,1578,
STATSNZ:AGR_AGR_002(1.0),9135,19,2007,4574,
STATSNZ:AGR_AGR_002(1.0),8500,20,2009,9284,
STATSNZ:AGR_AGR_002(1.0),8600,1,2009,130,
STATSNZ:AGR_AGR_002(1.0),8600,3,2009,46,
STATSNZ:AGR_AGR_002(1.0),8700,13,2009,197,
STATSNZ:AGR_AGR_002(1.0),9120,6,2009,427,
STATSNZ:AGR_AGR_002(1.0),9120,19,2009,702,
STATSNZ:AGR_AGR_002(1.0),9135,3,2009,2092,
STATSNZ:AGR_AGR_002(1.0),8570,4,2011,1925,
STATSNZ:AGR_AGR_002(1.0),8600,1,2011,109,
STATSNZ:AGR_AGR_002(1.0),8600,20,2011,34060,
STATSNZ:AGR_AGR_002(1.0),9120,6,2011,805,
STATSNZ:AGR_AGR_002(1.0),9135,3,2011,2226,
STATSNZ:AGR_AGR_002(1.0),8570,2,2012,148,
STATSNZ:AGR_AGR_002(1.0),8600,20,2012,34562,
STATSNZ:AGR_AGR_002(1.0),9135,1,2012,22,
STATSNZ:AGR_AGR_002(1.0),9135,16,2012,153,
STATSNZ:AGR_AGR_002(1.0),9135,18,2012,,c
STATSNZ:AGR_AGR_002(1.0),9135,20,2012,11578,
STATSNZ:AGR_AGR_002(1.0),9170,11,2012,14,
STATSNZ:AGR_AGR_002(1.0),9170,13,2012,,c
STATSNZ:AGR_AGR_002(1.0),9170,15,2012,,c
STATSNZ:AGR_AGR_002(1.0),8500,6,2014,4859,
STATSNZ:AGR_AGR_002(1.0),8500,8,2014,25,
STATSNZ:AGR_AGR_002(1.0),8500,19,2014,3006,
STATSNZ:AGR_AGR_002(1.0),8555,3,2014,479,
STATSNZ:AGR_AGR_002(1.0),8555,5,2014,269,
STATSNZ:AGR_AGR_002(1.0),8570,10,2014,3882,
STATSNZ:AGR_AGR_002(1.0),8570,15,2014,,c
STATSNZ:AGR_AGR_002(1.0),8570,17,2014,0,
STATSNZ:AGR_AGR_002(1.0),8600,12,2014,,c
STATSNZ:AGR_AGR_002(1.0),8600,14,2014,0,
STATSNZ:AGR_AGR_002(1.0),8700,7,2014,,c
STATSNZ:AGR_AGR_002(1.0),8700,9,2014,215,
STATSNZ:AGR_AGR_002(1.0),9120,4,2014,,c
STATSNZ:AGR_AGR_002(1.0),8700,10,2017,647,
STATSNZ:AGR_AGR_002(1.0),8700,15,2017,133,
STATSNZ:AGR_AGR_002(1.0),8700,17,2017,0,
STATSNZ:AGR_AGR_002(1.0),9120,12,2017,,s
STATSNZ:AGR_AGR_002(1.0),9120,14,2017,0,
STATSNZ:AGR_AGR_002(1.0),9135,7,2017,10,
STATSNZ:AGR_AGR_002(1.0),9135,9,2017,2,
STATSNZ:AGR_AGR_002(1.0),9135,11,2017,9,
STATSNZ:AGR_AGR_002(1.0),9170,2,2017,300,
STATSNZ:AGR_AGR_002(1.0),9170,4,2017,0,
STATSNZ:AGR_AGR_002(1.0),9170,6,2017,3388,
STATSNZ:AGR_AGR_002(1.0),8500,2,2019,82,
STATSNZ:AGR_AGR_002(1.0),8500,17,2019,,s
STATSNZ:AGR_AGR_002(1.0),8700,18,2019,0,
STATSNZ:AGR_AGR_002(1.0),8500,2,2020,54,
STATSNZ:AGR_AGR_002(1.0),8500,10,2020,6865,
STATSNZ:AGR_AGR_002(1.0),8570,16,2022,11,
STATSNZ:AGR_AGR_002(1.0),8600,11,2022,903,
STATSNZ:AGR_AGR_002(1.0),8600,13,2022,23343,
STATSNZ:AGR_AGR_002(1.0),8700,8,2022,23,
STATSNZ:AGR_AGR_002(1.0),8700,19,2022,127,
STATSNZ:AGR_AGR_002(1.0),9120,3,2022,1137,
STATSNZ:AGR_AGR_002(1.0),9120,5,2022,3,
STATSNZ:AGR_AGR_002(1.0),9135,2,2022,1257,
STATSNZ:AGR_AGR_002(1.0),9135,10,2022,3733,
STATSNZ:AGR_AGR_002(1.0),9135,17,2022,172,
STATSNZ:AGR_AGR_002(1.0),9170,12,2022,0,
STATSNZ:AGR_AGR_002(1.0),9170,14,2022,,s
STATSNZ:AGR_AGR_002(1.0),8500,7,2024,5,
STATSNZ:AGR_AGR_002(1.0),8500,9,2024,105,
STATSNZ:AGR_AGR_002(1.0),8500,11,2024,2210,
STATSNZ:AGR_AGR_002(1.0),8555,2,2024,570,
STATSNZ:AGR_AGR_002(1.0),8555,4,2024,10885,
STATSNZ:AGR_AGR_002(1.0),8555,6,2024,106,
STATSNZ:AGR_AGR_002(1.0),8570,1,2024,1793,
STATSNZ:AGR_AGR_002(1.0),8570,20,2024,4337,
STATSNZ:AGR_AGR_002(1.0),8600,11,2024,729,
STATSNZ:AGR_AGR_002(1.0),9120,18,2024,0,
STATSNZ:AGR_AGR_002(1.0),9135,15,2024,6088,
STATSNZ:AGR_AGR_002(1.0),9170,11,1994,7,
STATSNZ:AGR_AGR_002(1.0),9135,1,1994,102,
STATSNZ:AGR_AGR_002(1.0),9120,17,1994,288,
STATSNZ:AGR_AGR_002(1.0),8600,6,1994,1756,
STATSNZ:AGR_AGR_002(1.0),9135,19,1994,3360,
STATSNZ:AGR_AGR_002(1.0),9120,10,1994,3874,
STATSNZ:AGR_AGR_002(1.0),8555,20,1994,12174,
STATSNZ:AGR_AGR_002(1.0),8500,13,2002,211,
STATSNZ:AGR_AGR_002(1.0),8555,6,2002,189,
STATSNZ:AGR_AGR_002(1.0),8600,15,2002,749,
STATSNZ:AGR_AGR_002(1.0),8700,15,2002,659,
STATSNZ:AGR_AGR_002(1.0),9135,9,2002,57,
STATSNZ:AGR_AGR_002(1.0),8500,1,2003,47,
STATSNZ:AGR_AGR_002(1.0),8555,15,2003,21,
STATSNZ:AGR_AGR_002(1.0),8600,5,2003,1595,
STATSNZ:AGR_AGR_002(1.0),8600,9,2003,915,
STATSNZ:AGR_AGR_002(1.0),8700,6,2003,263,
STATSNZ:AGR_AGR_002(1.0),9120,3,2003,1927,
STATSNZ:AGR_AGR_002(1.0),9120,20,2003,5748,
STATSNZ:AGR_AGR_002(1.0),8500,16,2005,622,
STATSNZ:AGR_AGR_002(1.0),8500,20,2005,10982,
STATSNZ:AGR_AGR_002(1.0),8570,6,2005,31,
STATSNZ:AGR_AGR_002(1.0),8600,3,2005,153,
STATSNZ:AGR_AGR_002(1.0),8500,4,2007,8,
STATSNZ:AGR_AGR_002(1.0),8500,10,2007,6004,
STATSNZ:AGR_AGR_002(1.0),8555,1,2007,634,
STATSNZ:AGR_AGR_002(1.0),8570,11,2007,9,
STATSNZ:AGR_AGR_002(1.0),8600,8,2007,10,
STATSNZ:AGR_AGR_002(1.0),8700,5,2007,6,
STATSNZ:AGR_AGR_002(1.0),8555,5,2009,273,
STATSNZ:AGR_AGR_002(1.0),8570,2,2009,90,
STATSNZ:AGR_AGR_002(1.0),8600,16,2009,2018,
STATSNZ:AGR_AGR_002(1.0),8600,20,2009,33422,
STATSNZ:AGR_AGR_002(1.0),8700,10,2009,1286,
STATSNZ:AGR_AGR_002(1.0),8500,19,2011,3260,
STATSNZ:AGR_AGR_002(1.0),8555,3,2011,659,
STATSNZ:AGR_AGR_002(1.0),8570,10,2011,3959,
STATSNZ:AGR_AGR_002(1.0),8700,11,2011,134,
STATSNZ:AGR_AGR_002(1.0),9120,8,2011,281,
STATSNZ:AGR_AGR_002(1.0),9135,16,2011,134,
STATSNZ:AGR_AGR_002(1.0),8500,8,2012,34,
STATSNZ:AGR_AGR_002(1.0),8500,18,2012,0,
STATSNZ:AGR_AGR_002(1.0),8555,1,2012,574,
STATSNZ:AGR_AGR_002(1.0),8555,5,2012,326,
STATSNZ:AGR_AGR_002(1.0),8555,15,2012,,c
STATSNZ:AGR_AGR_002(1.0),8570,15,2012,,c
STATSNZ:AGR_AGR_002(1.0),8600,12,2012,,c
STATSNZ:AGR_AGR_002(1.0),8700,5,2012,,c
STATSNZ:AGR_AGR_002(1.0),8700,9,2012,216,
STATSNZ:AGR_AGR_002(1.0),9120,2,2012,1621,
STATSNZ:AGR_AGR_002(1.0),9120,6,2012,662,
STATSNZ:AGR_AGR_002(1.0),9135,3,2012,2074,
STATSNZ:AGR_AGR_002(1.0),9135,14,2012,0,
STATSNZ:AGR_AGR_002(1.0),9170,10,2012,,c
STATSNZ:AGR_AGR_002(1.0),8555,7,2014,,c
STATSNZ:AGR_AGR_002(1.0),8555,18,2014,0,
STATSNZ:AGR_AGR_002(1.0),8570,4,2014,1958,
STATSNZ:AGR_AGR_002(1.0),8600,1,2014,,s
STATSNZ:AGR_AGR_002(1.0),8700,11,2014,107,
STATSNZ:AGR_AGR_002(1.0),9120,6,2014,817,
STATSNZ:AGR_AGR_002(1.0),9135,16,2014,47,
STATSNZ:AGR_AGR_002(1.0),9170,3,2014,504,
STATSNZ:AGR_AGR_002(1.0),9170,13,2014,0,
STATSNZ:AGR_AGR_002(1.0),8500,1,2017,20,
STATSNZ:AGR_AGR_002(1.0),8500,11,2017,2400,
STATSNZ:AGR_AGR_002(1.0),8555,11,2017,440,
STATSNZ:AGR_AGR_002(1.0),8570,8,2017,3,
STATSNZ:AGR_AGR_002(1.0),8600,1,2017,,s
STATSNZ:AGR_AGR_002(1.0),8600,5,2017,1245,
STATSNZ:AGR_AGR_002(1.0),8700,2,2017,128,
STATSNZ:AGR_AGR_002(1.0),8700,13,2017,50,
STATSNZ:AGR_AGR_002(1.0),9120,19,2017,1109,
STATSNZ:AGR_AGR_002(1.0),9120,20,2017,6009,
STATSNZ:AGR_AGR_002(1.0),9170,17,2017,0,
STATSNZ:AGR_AGR_002(1.0),8500,4,2019,50,
STATSNZ:AGR_AGR_002(1.0),8555,14,2019,0,
STATSNZ:AGR_AGR_002(1.0),8555,18,2019,0,
STATSNZ:AGR_AGR_002(1.0),8570,11,2019,6,
STATSNZ:AGR_AGR_002(1.0),8600,8,2019,32,
STATSNZ:AGR_AGR_002(1.0),8700,8,2019,,s
STATSNZ:AGR_AGR_002(1.0),9120,5,2019,1,
STATSNZ:AGR_AGR_002(1.0),9120,15,2019,1405,
STATSNZ:AGR_AGR_002(1.0),9135,2,2019,1483,
STATSNZ:AGR_AGR_002(1.0),9170,20,2019,6783,
STATSNZ:AGR_AGR_002(1.0),8500,15,2020,241,
STATSNZ:AGR_AGR_002(1.0),8555,12,2020,,s
STATSNZ:AGR_AGR_002(1.0),8555,16,2020,,s
STATSNZ:AGR_AGR_002(1.0),8570,9,2020,7,
STATSNZ:AGR_AGR_002(1.0),8600,6,2020,3960,
STATSNZ:AGR_AGR_002(1.0),8700,6,2020,114,
STATSNZ:AGR_AGR_002(1.0),8700,16,2020,16,
STATSNZ:AGR_AGR_002(1.0),9120,3,2020,1530,
STATSNZ:AGR_AGR_002(1.0),9120,13,2020,44,
STATSNZ:AGR_AGR_002(1.0),9135,10,2020,5358,
STATSNZ:AGR_AGR_002(1.0),9135,19,2020,5543,
STATSNZ:AGR_AGR_002(1.0),8500,7,2022,2,
STATSNZ:AGR_AGR_002(1.0),8555,4,2022,11288,
STATSNZ:AGR_AGR_002(1.0),8570,1,2022,2169,
STATSNZ:AGR_AGR_002(1.0),8600,9,2022,1196,
STATSNZ:AGR_AGR_002(1.0),8700,6,2022,115,
STATSNZ:AGR_AGR_002(1.0),9120,16,2022,,s
STATSNZ:AGR_AGR_002(1.0),9135,13,2022,6,
STATSNZ:AGR_AGR_002(1.0),9170,19,2022,27,
STATSNZ:AGR_AGR_002(1.0),9170,20,2022,4800,
STATSNZ:AGR_AGR_002(1.0),8555,17,2024,,s
STATSNZ:AGR_AGR_002(1.0),8570,14,2024,0,
STATSNZ:AGR_AGR_002(1.0),8570,18,2024,0,
STATSNZ:AGR_AGR_002(1.0),8600,15,2024,1231,
STATSNZ:AGR_AGR_002(1.0),8700,8,2024,,s
STATSNZ:AGR_AGR_002(1.0),8700,12,2024,0,
STATSNZ:AGR_AGR_002(1.0),9120,5,2024,0,
STATSNZ:AGR_AGR_002(1.0),9135,2,2024,1649,
STATSNZ:AGR_AGR_002(1.0),9170,2,2024,13,
STATSNZ:AGR_AGR_002(1.0),9170,12,2024,0,
STATSNZ:AGR_AGR_002(1.0),8570,19,1994,21,
STATSNZ:AGR_AGR_002(1.0),8500,2,1994,600,
STATSNZ:AGR_AGR_002(1.0),8500,20,2002,11717,
STATSNZ:AGR_AGR_002(1.0),8555,9,2002,38,
STATSNZ:AGR_AGR_002(1.0),8555,19,2002,635,
STATSNZ:AGR_AGR_002(1.0),8570,4,2002,1608,
STATSNZ:AGR_AGR_002(1.0),8570,5,2002,57,
STATSNZ:AGR_AGR_002(1.0),8570,6,2002,30,
STATSNZ:AGR_AGR_002(1.0),8600,1,2002,53,
STATSNZ:AGR_AGR_002(1.0),8600,3,2002,218,
STATSNZ:AGR_AGR_002(1.0),8700,13,2002,449,
STATSNZ:AGR_AGR_002(1.0),9120,11,2002,37,
STATSNZ:AGR_AGR_002(1.0),9135,6,2002,641,
STATSNZ:AGR_AGR_002(1.0),8500,15,2003,265,
STATSNZ:AGR_AGR_002(1.0),9135,20,2003,10931,
STATSNZ:AGR_AGR_002(1.0),8500,13,2005,80,
STATSNZ:AGR_AGR_002(1.0),8500,15,2005,210,
STATSNZ:AGR_AGR_002(1.0),8700,4,2007,56,
STATSNZ:AGR_AGR_002(1.0),8500,9,2009,109,
STATSNZ:AGR_AGR_002(1.0),8500,11,2009,2382,
STATSNZ:AGR_AGR_002(1.0),8555,6,2009,240,
STATSNZ:AGR_AGR_002(1.0),8555,4,2011,10229,
STATSNZ:AGR_AGR_002(1.0),8500,5,2012,110,
STATSNZ:AGR_AGR_002(1.0),8500,7,2012,,c
STATSNZ:AGR_AGR_002(1.0),8555,2,2012,363,
STATSNZ:AGR_AGR_002(1.0),8555,16,2012,0,
STATSNZ:AGR_AGR_002(1.0),8555,17,2012,0,
STATSNZ:AGR_AGR_002(1.0),8555,18,2012,0,
STATSNZ:AGR_AGR_002(1.0),8570,12,2012,0,
STATSNZ:AGR_AGR_002(1.0),8570,13,2012,,c
STATSNZ:AGR_AGR_002(1.0),8570,14,2012,0,
STATSNZ:AGR_AGR_002(1.0),9120,17,2012,,c
STATSNZ:AGR_AGR_002(1.0),8600,10,2014,8511,
STATSNZ:AGR_AGR_002(1.0),9120,8,2014,377,
STATSNZ:AGR_AGR_002(1.0),9135,3,2014,1758,
STATSNZ:AGR_AGR_002(1.0),9135,5,2014,,c
STATSNZ:AGR_AGR_002(1.0),9170,1,2014,,c
STATSNZ:AGR_AGR_002(1.0),9170,2,2014,,c
STATSNZ:AGR_AGR_002(1.0),9170,10,2014,,c
STATSNZ:AGR_AGR_002(1.0),9170,16,2014,0,
STATSNZ:AGR_AGR_002(1.0),8500,12,2017,0,
STATSNZ:AGR_AGR_002(1.0),8500,13,2017,21,
STATSNZ:AGR_AGR_002(1.0),8500,14,2017,0,
STATSNZ:AGR_AGR_002(1.0),8555,8,2017,116,
STATSNZ:AGR_AGR_002(1.0),8555,9,2017,10,
STATSNZ:AGR_AGR_002(1.0),8600,16,2017,1173,
STATSNZ:AGR_AGR_002(1.0),8600,18,2017,0,
STATSNZ:AGR_AGR_002(1.0),8500,6,2019,5854,
STATSNZ:AGR_AGR_002(1.0),8555,1,2019,598,
STATSNZ:AGR_AGR_002(1.0),8555,3,2019,616,
STATSNZ:AGR_AGR_002(1.0),8570,10,2019,4485,
STATSNZ:AGR_AGR_002(1.0),8570,20,2019,4520,
STATSNZ:AGR_AGR_002(1.0),8600,9,2019,820,
STATSNZ:AGR_AGR_002(1.0),8600,11,2019,859,
STATSNZ:AGR_AGR_002(1.0),8600,19,2019,29689,
STATSNZ:AGR_AGR_002(1.0),8700,5,2019,5,
STATSNZ:AGR_AGR_002(1.0),8700,6,2019,137,
STATSNZ:AGR_AGR_002(1.0),8700,7,2019,0,
STATSNZ:AGR_AGR_002(1.0),9120,2,2019,1748,
STATSNZ:AGR_AGR_002(1.0),9120,3,2019,1518,
STATSNZ:AGR_AGR_002(1.0),9120,4,2019,0,
STATSNZ:AGR_AGR_002(1.0),9120,18,2019,0,
STATSNZ:AGR_AGR_002(1.0),9135,13,2019,1,
STATSNZ:AGR_AGR_002(1.0),9135,14,2019,0,
STATSNZ:AGR_AGR_002(1.0),9135,15,2019,5380,
STATSNZ:AGR_AGR_002(1.0),9170,12,2019,0,
STATSNZ:AGR_AGR_002(1.0),9170,19,2019,42,
STATSNZ:AGR_AGR_002(1.0),8500,4,2020,79,
STATSNZ:AGR_AGR_002(1.0),8555,1,2020,654,
STATSNZ:AGR_AGR_002(1.0),8555,20,2020,15523,
STATSNZ:AGR_AGR_002(1.0),8600,7,2020,0,
STATSNZ:AGR_AGR_002(1.0),8600,8,2020,32,
STATSNZ:AGR_AGR_002(1.0),8600,9,2020,985,
STATSNZ:AGR_AGR_002(1.0),8700,3,2020,27,
STATSNZ:AGR_AGR_002(1.0),8700,4,2020,9,
STATSNZ:AGR_AGR_002(1.0),8700,5,2020,44,
STATSNZ:AGR_AGR_002(1.0),9120,2,2020,1712,
STATSNZ:AGR_AGR_002(1.0),9120,10,2020,4322,
STATSNZ:AGR_AGR_002(1.0),9120,16,2020,0,
STATSNZ:AGR_AGR_002(1.0),9135,11,2020,4,
STATSNZ:AGR_AGR_002(1.0),9135,12,2020,0,
STATSNZ:AGR_AGR_002(1.0),9135,13,2020,1,
STATSNZ:AGR_AGR_002(1.0),9170,8,2020,30,
STATSNZ:AGR_AGR_002(1.0),9170,19,2020,69,
STATSNZ:AGR_AGR_002(1.0),8500,5,2022,625,
STATSNZ:AGR_AGR_002(1.0),8555,15,2022,70,
STATSNZ:AGR_AGR_002(1.0),8555,16,2022,,s
STATSNZ:AGR_AGR_002(1.0),8555,17,2022,,s
STATSNZ:AGR_AGR_002(1.0),8570,12,2022,0,
STATSNZ:AGR_AGR_002(1.0),8570,14,2022,0,
STATSNZ:AGR_AGR_002(1.0),9120,17,2022,,s
STATSNZ:AGR_AGR_002(1.0),8570,3,2024,99,
STATSNZ:AGR_AGR_002(1.0),8600,10,2024,7139,
STATSNZ:AGR_AGR_002(1.0),9120,6,2024,517,
STATSNZ:AGR_AGR_002(1.0),9120,8,2024,176,
STATSNZ:AGR_AGR_002(1.0),9135,3,2024,1148,
STATSNZ:AGR_AGR_002(1.0),9135,4,2024,2,
STATSNZ:AGR_AGR_002(1.0),9135,5,2024,,s
STATSNZ:AGR_AGR_002(1.0),9170,1,2024,31,
STATSNZ:AGR_AGR_002(1.0),9170,10,2024,4739,
STATSNZ:AGR_AGR_002(1.0),9170,15,2024,20,
STATSNZ:AGR_AGR_002(1.0),9170,16,2024,0,
STATSNZ:AGR_AGR_002(1.0),9170,20,2024,4791,
STATSNZ:AGR_AGR_002(1.0),9120,16,1994,6,
STATSNZ:AGR_AGR_002(1.0),8500,4,1994,132,
STATSNZ:AGR_AGR_002(1.0),9120,15,1994,671,
STATSNZ:AGR_AGR_002(1.0),8500,3,1994,679,
STATSNZ:AGR_AGR_002(1.0),9135,20,1994,9524,
STATSNZ:AGR_AGR_002(1.0),8555,10,1994,11331,
STATSNZ:AGR_AGR_002(1.0),8500,11,2002,2979,
STATSNZ:AGR_AGR_002(1.0),8555,8,2002,146,
STATSNZ:AGR_AGR_002(1.0),8600,2,2002,718,
STATSNZ:AGR_AGR_002(1.0),8600,16,2002,1051,
STATSNZ:AGR_AGR_002(1.0),8700,10,2002,1224,
STATSNZ:AGR_AGR_002(1.0),8700,20,2002,2612,
STATSNZ:AGR_AGR_002(1.0),9120,19,2002,1066,
STATSNZ:AGR_AGR_002(1.0),9135,7,2002,46,
STATSNZ:AGR_AGR_002(1.0),8500,2,2003,200,
STATSNZ:AGR_AGR_002(1.0),8500,16,2003,719,
STATSNZ:AGR_AGR_002(1.0),9170,8,2003,621,
STATSNZ:AGR_AGR_002(1.0),8500,10,2005,7078,
STATSNZ:AGR_AGR_002(1.0),8555,11,2005,695,
STATSNZ:AGR_AGR_002(1.0),8600,5,2005,1718,
STATSNZ:AGR_AGR_002(1.0),8700,2,2005,270,
STATSNZ:AGR_AGR_002(1.0),8700,16,2005,38,
STATSNZ:AGR_AGR_002(1.0),9120,20,2005,4931,
STATSNZ:AGR_AGR_002(1.0),9170,6,2005,3635,
STATSNZ:AGR_AGR_002(1.0),8500,15,2007,249,
STATSNZ:AGR_AGR_002(1.0),8500,16,2007,472,
STATSNZ:AGR_AGR_002(1.0),8555,20,2007,13080,
STATSNZ:AGR_AGR_002(1.0),8600,6,2007,4930,
STATSNZ:AGR_AGR_002(1.0),8700,3,2007,79,
STATSNZ:AGR_AGR_002(1.0),9120,10,2007,3880,
STATSNZ:AGR_AGR_002(1.0),9135,11,2007,39,
STATSNZ:AGR_AGR_002(1.0),9170,8,2007,841,
STATSNZ:AGR_AGR_002(1.0),8500,19,2009,3229,
STATSNZ:AGR_AGR_002(1.0),8570,4,2009,2156,
STATSNZ:AGR_AGR_002(1.0),8600,15,2009,1599,
STATSNZ:AGR_AGR_002(1.0),8700,11,2009,139,
STATSNZ:AGR_AGR_002(1.0),8500,8,2011,20,
STATSNZ:AGR_AGR_002(1.0),8555,5,2011,321,
STATSNZ:AGR_AGR_002(1.0),8570,1,2011,1496,
STATSNZ:AGR_AGR_002(1.0),8570,2,2011,148,
STATSNZ:AGR_AGR_002(1.0),8600,13,2011,21219,
STATSNZ:AGR_AGR_002(1.0),8700,9,2011,222,
STATSNZ:AGR_AGR_002(1.0),8500,6,2012,5115,
STATSNZ:AGR_AGR_002(1.0),8555,3,2012,726,
STATSNZ:AGR_AGR_002(1.0),8570,10,2012,4140,
STATSNZ:AGR_AGR_002(1.0),8570,20,2012,4149,
STATSNZ:AGR_AGR_002(1.0),8600,11,2012,821,
STATSNZ:AGR_AGR_002(1.0),8600,19,2012,26613,
STATSNZ:AGR_AGR_002(1.0),8700,7,2012,,c
STATSNZ:AGR_AGR_002(1.0),9120,4,2012,,c
STATSNZ:AGR_AGR_002(1.0),9120,18,2012,0,
STATSNZ:AGR_AGR_002(1.0),9135,15,2012,5754,
STATSNZ:AGR_AGR_002(1.0),9170,12,2012,,c
STATSNZ:AGR_AGR_002(1.0),8570,2,2014,155,
STATSNZ:AGR_AGR_002(1.0),8570,3,2014,122,
STATSNZ:AGR_AGR_002(1.0),8600,13,2014,21732,
STATSNZ:AGR_AGR_002(1.0),8600,20,2014,33761,
STATSNZ:AGR_AGR_002(1.0),8700,19,2014,458,
STATSNZ:AGR_AGR_002(1.0),9120,7,2014,0,
STATSNZ:AGR_AGR_002(1.0),9135,4,2014,,c
STATSNZ:AGR_AGR_002(1.0),9135,18,2014,0,
STATSNZ:AGR_AGR_002(1.0),9170,14,2014,0,
STATSNZ:AGR_AGR_002(1.0),9170,15,2014,,c
STATSNZ:AGR_AGR_002(1.0),8500,20,2017,8615,
STATSNZ:AGR_AGR_002(1.0),8555,19,2017,487,
STATSNZ:AGR_AGR_002(1.0),8570,6,2017,20,
STATSNZ:AGR_AGR_002(1.0),8570,7,2017,23,
STATSNZ:AGR_AGR_002(1.0),8600,3,2017,15,
STATSNZ:AGR_AGR_002(1.0),8600,17,2017,,s
STATSNZ:AGR_AGR_002(1.0),8700,14,2017,0,
STATSNZ:AGR_AGR_002(1.0),9120,11,2017,46,
STATSNZ:AGR_AGR_002(1.0),9135,8,2017,984,
STATSNZ:AGR_AGR_002(1.0),9170,5,2017,1920,
STATSNZ:AGR_AGR_002(1.0),8500,5,2019,284,
STATSNZ:AGR_AGR_002(1.0),8555,2,2019,706,
STATSNZ:AGR_AGR_002(1.0),8555,16,2019,0,
STATSNZ:AGR_AGR_002(1.0),8570,12,2019,2,
STATSNZ:AGR_AGR_002(1.0),8570,13,2019,0,
STATSNZ:AGR_AGR_002(1.0),9120,17,2019,0,
STATSNZ:AGR_AGR_002(1.0),9135,1,2019,107,
STATSNZ:AGR_AGR_002(1.0),9135,10,2019,4652,
STATSNZ:AGR_AGR_002(1.0),9170,11,2019,18,
STATSNZ:AGR_AGR_002(1.0),8500,3,2020,83,
STATSNZ:AGR_AGR_002(1.0),8500,17,2020,0,
STATSNZ:AGR_AGR_002(1.0),8555,10,2020,14915,
STATSNZ:AGR_AGR_002(1.0),8555,14,2020,0,
STATSNZ:AGR_AGR_002(1.0),8570,11,2020,2,
STATSNZ:AGR_AGR_002(1.0),8570,19,2020,45,
STATSNZ:AGR_AGR_002(1.0),8700,18,2020,0,
STATSNZ:AGR_AGR_002(1.0),9120,1,2020,39,
STATSNZ:AGR_AGR_002(1.0),9120,15,2020,1165,
STATSNZ:AGR_AGR_002(1.0),9135,20,2020,10901,
STATSNZ:AGR_AGR_002(1.0),9170,9,2020,32,
STATSNZ:AGR_AGR_002(1.0),8500,6,2022,5860,
STATSNZ:AGR_AGR_002(1.0),8555,2,2022,732,
STATSNZ:AGR_AGR_002(1.0),8555,3,2022,682,
STATSNZ:AGR_AGR_002(1.0),8570,13,2022,,s
STATSNZ:AGR_AGR_002(1.0),8570,20,2022,5283,
STATSNZ:AGR_AGR_002(1.0),8600,19,2022,27432,
STATSNZ:AGR_AGR_002(1.0),8700,7,2022,0,
STATSNZ:AGR_AGR_002(1.0),9120,4,2022,,s
STATSNZ:AGR_AGR_002(1.0),9120,18,2022,0,
STATSNZ:AGR_AGR_002(1.0),9135,1,2022,49,
STATSNZ:AGR_AGR_002(1.0),9135,15,2022,4241,
STATSNZ:AGR_AGR_002(1.0),8555,5,2024,586,
STATSNZ:AGR_AGR_002(1.0),8570,2,2024,436,
STATSNZ:AGR_AGR_002(1.0),8570,16,2024,12,
STATSNZ:AGR_AGR_002(1.0),8600,13,2024,26232,
STATSNZ:AGR_AGR_002(1.0),8600,20,2024,37627,
STATSNZ:AGR_AGR_002(1.0),8700,19,2024,183,
STATSNZ:AGR_AGR_002(1.0),9120,7,2024,,s
STATSNZ:AGR_AGR_002(1.0),9135,17,2024,139,
STATSNZ:AGR_AGR_002(1.0),9135,18,2024,0,
STATSNZ:AGR_AGR_002(1.0),9170,14,2024,0,
